mtllib banana_simple.mtl
s 0
usemtl Material
v -0.096660 0.106423 0.473535
v -0.096660 0.127903 0.455961
v -0.192343 0.114234 0.450103
v -0.192343 0.094707 0.465725
v -0.036125 0.110329 0.479394
v -0.036125 0.129856 0.465725
v -0.116187 0.153289 0.432528
v 0.016598 0.147431 0.459866
v -0.291932 0.098613 0.442292
v -0.291932 0.125951 0.418859
v -0.375899 0.127903 0.399332
v -0.239209 0.145478 0.411048
v -0.375899 0.096660 0.424717
v -0.239209 0.159147 0.399332
v -0.375899 0.157194 0.370041
v -0.375899 0.145478 0.381757
v -0.467677 0.127903 0.373947
v -0.467677 0.145478 0.356372
v -0.192343 0.168911 0.399332
v -0.467677 0.092754 0.401285
v -0.467677 0.157194 0.342703
v -0.096660 0.165005 0.422765
v 0.073227 0.127903 0.481346
v 0.096660 0.147431 0.465725
v -0.549692 0.135714 0.334892
v -0.549692 0.110329 0.358325
v 0.129856 0.129856 0.481346
v -0.096660 0.075180 0.493063
v 0.159147 0.147431 0.465725
v 0.040031 0.161100 0.446197
v -0.549692 0.149383 0.319270
v -0.678571 0.088849 0.319270
v -0.678571 0.118140 0.297790
v -0.721531 0.094707 0.297790
v -0.192343 0.075180 0.477441
v -0.754728 0.096660 0.282169
v -0.549692 0.082991 0.375899
v -0.678571 0.063464 0.336845
v -0.291932 0.077133 0.454008
v -0.375899 0.075180 0.436434
v 0.016598 0.092754 0.495015
v -0.754728 0.116187 0.262641
v -0.678571 0.131809 0.282169
v -0.711768 0.073227 0.313412
v 0.129856 0.110329 0.493063
v 0.040031 0.073227 0.506732
v -0.161100 0.051747 0.493063
v -0.036125 0.061511 0.504779
v -0.754728 0.073227 0.293885
v -0.721531 0.040031 0.327081
v -0.743011 0.057605 0.305601
v -0.084943 0.041984 0.506732
v -0.789877 0.082991 0.270452
v 0.194296 0.108376 0.491110
v 0.194296 0.131809 0.477441
v 0.129856 0.075180 0.506732
v 0.016598 0.041984 0.514543
v -0.036125 0.020504 0.516495
v 0.073227 0.043936 0.516495
v -0.789877 0.040031 0.286074
v -0.754728 0.026362 0.313412
v -0.815262 0.055653 0.266547
v 0.217729 0.077133 0.500874
v 0.040031 0.018551 0.520401
v 0.129856 0.045889 0.514543
v -0.815262 0.077133 0.256783
v 0.217729 0.047842 0.508684
v 0.096660 0.020504 0.520401
v 0.247020 0.108376 0.485252
v 0.311459 0.073227 0.491110
v 0.274358 0.045889 0.502826
v 0.247020 0.127903 0.473535
v 0.311459 0.102518 0.477441
v 0.356372 0.032220 0.493063
v -0.852364 0.067369 0.233350
v -0.789877 0.102518 0.254830
v 0.356372 0.065416 0.483299
v 0.356372 0.102518 0.467677
v 0.311459 0.123998 0.463772
v -0.815262 0.096660 0.239209
v -0.852364 0.082991 0.219681
v 0.194296 0.147431 0.461819
v 0.247020 0.145478 0.455961
v 0.311459 0.141572 0.446197
v 0.096660 0.163052 0.446197
v 0.356372 0.125951 0.450103
v -0.889466 0.069322 0.190391
v -0.901182 0.047842 0.194296
v -0.926567 0.063464 0.151336
v -0.932425 0.045889 0.157194
v -0.311459 0.168911 0.368088
v -0.629753 0.147431 0.282169
v 0.159147 0.161100 0.446197
v -0.721531 0.133762 0.252878
v -0.832837 0.100565 0.213823
v -0.885560 0.082991 0.174769
v -0.789877 0.114234 0.231398
v -0.914851 0.079085 0.131809
v -0.932425 0.065416 0.131809
v -0.942189 0.047842 0.139620
v 0.129856 0.182580 0.243114
v 0.159147 0.188438 0.272405
v 0.194296 0.184532 0.258736
v 0.096660 0.188438 0.266547
v 0.194296 0.176721 0.231398
v 0.247020 0.178674 0.243114
v 0.247020 0.166958 0.211871
v 0.311459 0.168911 0.213823
v 0.311459 0.176721 0.248972
v 0.377852 0.166958 0.207965
v 0.311459 0.157194 0.184532
v 0.096660 0.176721 0.233350
v 0.040031 0.186485 0.258736
v 0.040031 0.178674 0.235303
v -0.002929 0.180627 0.237256
v -0.002929 0.188438 0.258736
v -0.071274 0.180627 0.229445
v 0.377852 0.159147 0.174769
v 0.465725 0.159147 0.165005
v 0.440339 0.151336 0.137667
v 0.514543 0.153289 0.139620
v 0.489157 0.143525 0.108376
v -0.096660 0.186485 0.258736
v -0.192343 0.174769 0.213823
v 0.553597 0.143525 0.098613
v 0.602415 0.145478 0.116187
v 0.618037 0.135714 0.067369
v 0.553597 0.157194 0.174769
v 0.440339 0.166958 0.213823
v 0.356372 0.174769 0.258736
v 0.657091 0.137667 0.098613
v 0.247020 0.182580 0.272405
v 0.514543 0.163052 0.213823
v 0.657091 0.133762 0.067369
v 0.635612 0.129856 0.038078
v 0.684430 0.125951 0.004882
v 0.702004 0.129856 0.030267
v 0.715673 0.120092 -0.028314
v 0.743011 0.122045 -0.008787
v 0.743011 0.116187 -0.047842
v 0.159147 0.190391 0.289979
v 0.096660 0.190391 0.297790
v 0.684430 0.116187 -0.038078
v 0.040031 0.190391 0.297790
v -0.166958 0.182580 0.258736
v -0.239209 0.180627 0.248972
v -0.239209 0.176721 0.213823
v 0.602415 0.127903 0.038078
v 0.553597 0.133762 0.067369
v 0.715673 0.108376 -0.071274
v -0.311459 0.176721 0.213823
v -0.311459 0.166958 0.170863
v -0.348561 0.170863 0.174769
v -0.348561 0.176721 0.213823
v -0.434481 0.168911 0.174769
v -0.375899 0.165005 0.155242
v -0.434481 0.157194 0.129856
v -0.467677 0.163052 0.145478
v -0.467677 0.168911 0.174769
v -0.549692 0.159147 0.145478
v -0.549692 0.165005 0.174769
v 0.635612 0.120092 0.000976
v -0.629753 0.153289 0.149383
v 0.766444 0.102518 -0.092754
v 0.743011 0.096660 -0.110329
v -0.434481 0.172816 0.213823
v -0.467677 0.172816 0.213823
v -0.239209 0.166958 0.184532
v -0.610226 0.159147 0.174769
v 0.702004 0.133762 0.098613
v 0.657091 0.143525 0.143525
v -0.532117 0.151336 0.120092
v -0.629753 0.145478 0.125951
v 0.774255 0.084943 -0.139620
v 0.743011 0.125951 0.030267
v -0.678571 0.141572 0.129856
v 0.465725 0.168911 0.258736
v 0.377852 0.174769 0.282169
v -0.329034 0.178674 0.248972
v 0.702004 0.135714 0.131809
v -0.002929 0.190391 0.297790
v -0.096660 0.188438 0.297790
v -0.166958 0.184532 0.297790
v -0.678571 0.147431 0.161100
v -0.434481 0.174769 0.258736
v 0.311459 0.178674 0.297790
v -0.549692 0.166958 0.213823
v -0.467677 0.172816 0.258736
v 0.536023 0.163052 0.248972
v 0.578983 0.157194 0.223587
v -0.754728 0.127903 0.131809
v -0.721531 0.139620 0.161100
v 0.803546 0.082991 -0.131809
v -0.192343 0.165005 0.190391
v -0.096660 0.170863 0.207965
v 0.635612 0.147431 0.190391
v 0.785971 0.106423 -0.051747
v 0.803546 0.094707 -0.090802
v 0.803546 0.065416 -0.178674
v -0.754728 0.120092 0.108376
v 0.377852 0.145478 0.143525
v 0.684430 0.102518 -0.073227
v 0.489157 0.131809 0.081038
v 0.553597 0.118140 0.030267
v 0.602415 0.112282 0.000976
v 0.440339 0.137667 0.108376
v 0.635612 0.104471 -0.038078
v -0.629753 0.135714 0.104471
v -0.678571 0.131809 0.106423
v -0.276310 0.161100 0.165005
v -0.348561 0.155242 0.139620
v 0.440339 0.170863 0.289979
v -0.239209 0.180627 0.297790
v -0.311459 0.178674 0.297790
v 0.247020 0.182580 0.319270
v 0.828931 0.061511 -0.174769
v 0.811357 0.055653 -0.206012
v 0.840647 0.049794 -0.219681
v 0.774255 0.063464 -0.182580
v 0.743011 0.079085 -0.145478
v 0.828931 0.045889 -0.248972
v 0.852364 0.041984 -0.270452
v 0.832837 0.036125 -0.311459
v 0.852364 0.034173 -0.321223
v 0.817215 0.041984 -0.270452
v 0.797688 0.045889 -0.231398
v 0.852364 0.026362 -0.387616
v 0.877749 0.024409 -0.387616
v 0.784018 0.049794 -0.211870
v 0.889466 0.018551 -0.459866
v 0.852364 0.016598 -0.454008
v 0.877749 0.010740 -0.487205
v 0.852364 0.008787 -0.483299
v 0.901182 0.006835 -0.489157
v 0.832837 0.022456 -0.387616
v 0.817215 0.030267 -0.321223
v 0.715673 0.094707 -0.102518
v -0.832837 0.102518 0.110329
v 0.785971 0.112282 -0.008787
v -0.629753 0.157194 0.213823
v -0.815262 0.114234 0.145478
v -0.879702 0.092754 0.118140
v -0.899229 0.079085 0.090802
v -0.815262 0.096660 0.086896
v -0.493063 0.139620 0.098613
v -0.192343 0.155242 0.172816
v -0.036125 0.166958 0.209918
v -0.914851 0.079085 0.106423
v 0.159147 0.163052 0.209918
v 0.247020 0.149383 0.182580
v 0.578983 0.102518 -0.006835
v 0.684430 0.139620 0.174769
v 0.916804 0.008787 -0.465725
v 0.725437 0.129856 0.098613
v 0.725437 0.129856 0.145478
v 0.096660 0.188438 0.342703
v 0.159147 0.188438 0.342703
v 0.040031 0.188438 0.342703
v -0.002929 0.188438 0.342703
v -0.239209 0.178674 0.342703
v -0.166958 0.182580 0.342703
v -0.096660 0.184532 0.342703
v 0.356372 0.174769 0.319270
v -0.721531 0.139620 0.190391
v -0.532117 0.139620 0.100565
v 0.785971 0.114234 0.030267
v -0.549692 0.165005 0.258736
v -0.375899 0.174769 0.311459
v -0.311459 0.174769 0.342703
v -0.852364 0.081038 0.073227
v 0.016598 0.165005 0.213823
v 0.657091 0.094707 -0.073227
v 0.311459 0.139620 0.155242
v -0.239209 0.149383 0.155242
v -0.467677 0.168911 0.311459
v 0.867986 0.034173 -0.289979
v 0.877749 0.026362 -0.344656
v 0.901182 0.016598 -0.436434
v -0.375899 0.170863 0.342703
v -0.610226 0.157194 0.258736
v -0.549692 0.161100 0.293885
v 0.864080 0.041984 -0.231398
v 0.852364 0.051747 -0.174769
v -0.754728 0.102518 0.079085
v 0.409096 0.168911 0.319270
v 0.311459 0.174769 0.342703
v 0.817215 0.096660 -0.047842
v 0.758633 0.122045 0.098613
v 0.489157 0.163052 0.297790
v 0.828931 0.077133 -0.120092
v 0.578983 0.155242 0.256783
v -0.901182 0.067369 0.071274
v -0.413001 0.143525 0.112282
v -0.131809 0.178674 0.387616
v -0.036125 0.180627 0.387616
v -0.239209 0.174769 0.370041
v 0.684430 0.084943 -0.104471
v 0.715673 0.073227 -0.139620
v -0.678571 0.145478 0.239209
v 0.797688 0.034173 -0.270452
v 0.832837 0.008787 -0.454008
v 0.657091 0.141572 0.213823
v 0.247020 0.176721 0.370041
v 0.096660 0.182580 0.387616
v 0.040031 0.182580 0.387616
v 0.159147 0.180627 0.387616
v -0.754728 0.129856 0.213823
v -0.881655 0.092754 0.145478
v -0.815262 0.112282 0.188438
v 0.536023 0.159147 0.282169
v -0.678571 0.118140 0.086896
v 0.877749 -0.002929 -0.506732
v 0.901182 -0.004882 -0.506732
v 0.844553 0.063464 -0.141572
v -0.629753 0.120092 0.082991
v -0.096660 0.155242 0.186485
v -0.036125 0.151336 0.188438
v -0.291932 0.143525 0.137667
v 0.409096 0.125951 0.102518
v 0.073227 0.157194 0.209918
v 0.776208 0.036125 -0.231398
v 0.815262 0.016598 -0.377852
v 0.817215 0.102518 0.030267
v 0.803546 0.106423 0.067369
v 0.356372 0.131809 0.131809
v 0.465725 0.118140 0.071274
v 0.852364 -0.004882 -0.500874
v 0.928520 -0.000976 -0.477441
v -0.926567 0.061511 0.079085
v 0.514543 0.112282 0.041984
v 0.758633 0.043936 -0.202107
v 0.920709 0.008787 -0.436434
v 0.440339 0.161100 0.342703
v 0.356372 0.165005 0.370041
v 0.918756 -0.002929 -0.493063
v 0.797688 0.020504 -0.321223
v 0.129856 0.143525 0.192343
v 0.514543 0.155242 0.319270
v 0.836742 0.082991 -0.067369
v 0.016598 0.147431 0.192343
v 0.901182 0.014645 -0.360277
v 0.891418 0.018551 -0.309507
v 0.774255 0.114234 0.122045
v 0.247020 0.166958 0.411048
v 0.159147 0.172816 0.418859
v 0.096660 0.172816 0.420812
v 0.635612 0.139620 0.258736
v 0.715673 0.127903 0.184532
v 0.832837 -0.002929 -0.485252
v 0.377852 0.157194 0.389568
v 0.040031 0.172816 0.422765
v -0.493063 0.163052 0.319270
v -0.754728 0.088849 0.063464
v -0.678571 0.100565 0.067369
v 0.702004 0.125951 0.219681
v -0.192343 0.139620 0.155242
v 0.836742 0.090802 0.010740
v 0.311459 0.157194 0.416906
v 0.578983 0.145478 0.297790
v 0.852364 0.067369 -0.102518
v 0.778160 0.022456 -0.270452
v -0.348561 0.137667 0.120092
v -0.036125 0.170863 0.418859
v 0.073227 0.123998 0.174769
v 0.129856 0.122045 0.170863
v 0.879702 0.030267 -0.248972
v -0.413001 0.165005 0.342703
v 0.489157 0.149383 0.350514
v 0.743011 0.114234 0.190391
v 0.936331 -0.002929 -0.454008
v 0.217729 0.159147 0.438386
v 0.684430 0.123998 0.248972
v 0.856269 0.073227 -0.030267
v 0.536023 0.141572 0.340750
v 0.578983 0.133762 0.329034
v 0.811357 0.094707 0.110329
v 0.867986 0.040031 -0.174769
v 0.877749 0.032220 -0.206012
v 0.785971 0.102518 0.145478
v -0.934378 0.063464 0.106423
v 0.635612 0.127903 0.289979
v 0.834789 0.088849 0.045889
v 0.356372 0.147431 0.418859
v 0.866033 0.047842 -0.127903
v 0.440339 0.139620 0.395427
v 0.934378 -0.002929 -0.430576
v 0.916804 0.000976 -0.360277
v 0.918756 -0.020504 -0.506732
v -0.942189 0.047842 0.090802
v 0.932425 -0.020504 -0.495015
v -0.946095 0.047842 0.118140
v 0.274358 0.002929 0.504779
v 0.329034 0.008787 0.498921
v 0.274358 0.026362 0.504779
v 0.159147 0.024409 0.516495
v 0.129856 0.002929 0.518448
v 0.247020 -0.018551 0.506732
v 0.159147 -0.020504 0.514543
v 0.356372 -0.018551 0.493063
v 0.377852 0.008787 0.491110
v 0.409096 -0.002929 0.483299
v 0.377852 -0.032220 0.487205
v 0.040031 -0.004882 0.518448
v 0.073227 -0.022456 0.516495
v 0.016598 -0.022456 0.516495
v 0.356372 -0.047842 0.487205
v 0.274358 -0.045889 0.496968
v 0.233350 -0.040031 0.502826
v -0.036125 -0.000976 0.514543
v -0.071274 -0.014645 0.510637
v 0.129856 -0.045889 0.508684
v 0.440339 -0.020504 0.471583
v 0.465725 0.008787 0.465725
v 0.040031 -0.040031 0.510637
v -0.036125 -0.040031 0.506732
v 0.409096 -0.061511 0.469630
v 0.465725 -0.047842 0.455961
v -0.096660 -0.036125 0.500874
v 0.073227 -0.059558 0.502826
v -0.131809 -0.008787 0.502826
v 0.016598 -0.055653 0.502826
v 0.194296 -0.067369 0.493063
v 0.489157 -0.020504 0.454008
v -0.161100 -0.034173 0.489157
v -0.239209 -0.022456 0.477441
v -0.239209 -0.041984 0.471583
v 0.356372 -0.071274 0.475488
v 0.311459 -0.063464 0.483299
v 0.536023 -0.047842 0.428623
v 0.274358 -0.084943 0.473535
v 0.377852 -0.082991 0.463772
v 0.514543 -0.071274 0.426670
v 0.465725 -0.075180 0.442292
v 0.194296 -0.088849 0.477441
v 0.578983 -0.071274 0.397379
v 0.356372 -0.104471 0.450103
v 0.553597 -0.084943 0.401285
v 0.514543 -0.096660 0.409096
v 0.409096 -0.098613 0.442292
v 0.377852 -0.120092 0.430576
v 0.274358 -0.108376 0.452055
v 0.618037 -0.094707 0.362230
v 0.514543 -0.114234 0.393474
v 0.578983 -0.112282 0.368088
v 0.329034 -0.127903 0.428623
v 0.635612 -0.112282 0.338798
v 0.635612 -0.073227 0.362230
v 0.553597 -0.131809 0.358325
v 0.602415 -0.131809 0.336845
v 0.489157 -0.131809 0.381757
v 0.684430 -0.096660 0.317318
v 0.602415 -0.047842 0.389568
v 0.657091 -0.057605 0.354419
v 0.702004 -0.077133 0.313412
v 0.657091 -0.123998 0.309507
v 0.702004 -0.112282 0.289979
v 0.536023 -0.151336 0.336845
v 0.578983 -0.147431 0.325128
v 0.743011 -0.094707 0.268499
v 0.657091 -0.139620 0.288027
v 0.702004 -0.129856 0.266547
v 0.743011 -0.112282 0.250925
v 0.618037 -0.149383 0.297790
v 0.702004 -0.143525 0.239209
v 0.657091 -0.151336 0.262641
v 0.702004 -0.157194 0.209918
v 0.758633 -0.141572 0.190391
v 0.743011 -0.125951 0.231398
v 0.785971 -0.127903 0.184532
v 0.774255 -0.147431 0.155242
v 0.803546 -0.133762 0.145478
v 0.803546 -0.145478 0.110329
v 0.828931 -0.129856 0.110329
v 0.817215 -0.145478 0.067369
v 0.840647 -0.129856 0.075180
v -0.375899 -0.075180 0.420812
v -0.262641 -0.061511 0.455961
v -0.467677 -0.053700 0.414954
v -0.348561 -0.041984 0.450103
v -0.467677 -0.075180 0.401285
v -0.512590 -0.063464 0.397379
v -0.239209 -0.079085 0.448150
v -0.192343 -0.075180 0.461819
v -0.549692 -0.079085 0.375899
v -0.467677 -0.098613 0.383710
v -0.375899 -0.096660 0.405190
v -0.239209 -0.094707 0.434481
v -0.549692 -0.098613 0.360277
v -0.192343 -0.094707 0.444245
v -0.629753 -0.073227 0.350514
v -0.096660 -0.086896 0.465725
v -0.096660 -0.067369 0.481346
v -0.036125 -0.063464 0.493063
v -0.096660 -0.051747 0.493063
v -0.002929 -0.082991 0.481346
v -0.629753 -0.055653 0.362230
v 0.040031 -0.077133 0.487205
v 0.096660 -0.081038 0.485252
v -0.375899 -0.114234 0.387616
v -0.467677 -0.116187 0.366136
v -0.036125 -0.102518 0.457914
v 0.040031 -0.098613 0.467677
v -0.192343 -0.112282 0.422765
v -0.239209 -0.110329 0.416906
v 0.159147 -0.108376 0.457914
v 0.040031 -0.118140 0.446197
v 0.016598 -0.116187 0.444245
v -0.413001 -0.129856 0.360277
v -0.610226 -0.102518 0.329034
v -0.678571 -0.082991 0.319270
v 0.016598 -0.133762 0.420812
v -0.096660 -0.129856 0.411048
v -0.239209 -0.123998 0.397379
v -0.512590 -0.122045 0.342703
v 0.159147 -0.123998 0.438386
v 0.073227 -0.135714 0.418859
v -0.239209 -0.135714 0.377852
v -0.096660 -0.139620 0.387616
v 0.274358 -0.139620 0.411048
v -0.434481 -0.133762 0.344656
v 0.016598 -0.145478 0.399332
v 0.274358 -0.151336 0.391521
v 0.073227 -0.145478 0.401285
v 0.356372 -0.147431 0.393474
v 0.377852 -0.133762 0.413001
v -0.586793 -0.120092 0.309507
v -0.375899 -0.139620 0.344656
v 0.329034 -0.163052 0.360277
v 0.377852 -0.157194 0.370041
v 0.159147 -0.157194 0.370041
v 0.440339 -0.145478 0.375899
v -0.647328 -0.112282 0.288027
v -0.678571 -0.098613 0.297790
v -0.512590 -0.129856 0.321223
v -0.239209 -0.143525 0.354419
v -0.036125 -0.149383 0.370041
v 0.016598 -0.153289 0.370041
v 0.073227 -0.155242 0.370041
v -0.434481 -0.141572 0.321223
v 0.465725 -0.157194 0.344656
v 0.514543 -0.165005 0.307554
v 0.571172 -0.159147 0.305601
v -0.375899 -0.145478 0.323176
v -0.239209 -0.149383 0.323176
v -0.036125 -0.155242 0.340750
v 0.377852 -0.165005 0.340750
v 0.274358 -0.166958 0.340750
v 0.409096 -0.170863 0.305601
v -0.549692 -0.131809 0.289979
v -0.721531 -0.100565 0.258736
v 0.489157 -0.174769 0.272405
v 0.553597 -0.166958 0.284121
v 0.016598 -0.159147 0.340750
v 0.073227 -0.161100 0.340750
v 0.159147 -0.163052 0.340750
v 0.571172 -0.176721 0.237256
v 0.329034 -0.170863 0.321223
v 0.356372 -0.176721 0.289979
v 0.409096 -0.176721 0.272405
v 0.618037 -0.168911 0.239209
v 0.618037 -0.161100 0.268499
v 0.602415 -0.184532 0.196249
v 0.635612 -0.176721 0.209918
v 0.553597 -0.186485 0.196249
v 0.514543 -0.180627 0.229445
v 0.489157 -0.184532 0.207965
v 0.465725 -0.180627 0.239209
v 0.565313 -0.190391 0.170863
v 0.618037 -0.188438 0.161100
v 0.645375 -0.182580 0.174769
v -0.678571 -0.112282 0.248972
v 0.657091 -0.163052 0.229445
v -0.754728 -0.098613 0.213823
v 0.674666 -0.172816 0.190391
v 0.684430 -0.178674 0.153289
v -0.789877 -0.084943 0.225540
v -0.754728 -0.084943 0.266547
v -0.815262 -0.081038 0.190391
v -0.832837 -0.071274 0.207965
v 0.715673 -0.168911 0.153289
v 0.715673 -0.163052 0.180627
v 0.725437 -0.174769 0.110329
v 0.758633 -0.161100 0.131809
v 0.774255 -0.163052 0.088849
v 0.743011 -0.174769 0.067369
v -0.871891 -0.057605 0.174769
v -0.879702 -0.057605 0.131809
v 0.785971 -0.161100 0.057605
v 0.758633 -0.170863 0.030267
v -0.914851 -0.040031 0.131809
v 0.784018 -0.161100 0.004882
v -0.883607 -0.055653 0.106423
v -0.914851 -0.040031 0.106423
v -0.815262 -0.067369 0.237256
v 0.817215 -0.147431 0.030267
v 0.809404 -0.149383 -0.008787
v 0.832837 -0.137667 -0.008787
v -0.932425 -0.028314 0.118140
v -0.850411 -0.055653 0.217729
v -0.721531 -0.079085 0.297790
v 0.840647 -0.133762 0.030267
v -0.889466 -0.040031 0.184532
v 0.311459 -0.174769 0.239209
v 0.247020 -0.168911 0.239209
v 0.311459 -0.170863 0.209918
v 0.377852 -0.176721 0.209918
v 0.356372 -0.178674 0.258736
v 0.409096 -0.180627 0.239209
v 0.356372 -0.172816 0.176721
v 0.274358 -0.172816 0.289979
v 0.159147 -0.165005 0.289979
v 0.159147 -0.163052 0.258736
v 0.409096 -0.178674 0.176721
v 0.465725 -0.184532 0.174769
v 0.428623 -0.182580 0.207965
v 0.440339 -0.180627 0.145478
v 0.489157 -0.186485 0.143525
v 0.311459 -0.174769 0.289979
v 0.514543 -0.188438 0.174769
v 0.536023 -0.190391 0.143525
v 0.536023 -0.186485 0.106423
v 0.489157 -0.180627 0.108376
v 0.073227 -0.163052 0.289979
v 0.073227 -0.161100 0.258736
v -0.002929 -0.161100 0.289979
v 0.571172 -0.190391 0.139620
v -0.096660 -0.155242 0.289979
v -0.036125 -0.157194 0.258736
v -0.096660 -0.153289 0.248972
v -0.239209 -0.151336 0.258736
v -0.311459 -0.149383 0.289979
v -0.311459 -0.149383 0.248972
v -0.375899 -0.147431 0.248972
v -0.434481 -0.145478 0.289979
v -0.434481 -0.145478 0.248972
v -0.375899 -0.147431 0.289979
v -0.549692 -0.133762 0.248972
v -0.549692 -0.133762 0.202107
v -0.375899 -0.145478 0.213823
v -0.434481 -0.143525 0.213823
v 0.618037 -0.188438 0.131809
v -0.678571 -0.114234 0.213823
v -0.678571 -0.112282 0.153289
v 0.602415 -0.186485 0.098613
v 0.657091 -0.184532 0.098613
v 0.016598 -0.157194 0.248972
v -0.291932 -0.145478 0.213823
v -0.754728 -0.098613 0.153289
v -0.239209 -0.145478 0.213823
v -0.549692 -0.129856 0.172816
v -0.512590 -0.131809 0.172816
v 0.657091 -0.184532 0.131809
v 0.578983 -0.180627 0.067369
v 0.635612 -0.180627 0.067369
v 0.684430 -0.180627 0.067369
v 0.684430 -0.178674 0.030267
v 0.715673 -0.178674 0.045889
v 0.702004 -0.180627 0.088849
v 0.725437 -0.174769 0.004882
v 0.635612 -0.174769 0.030267
v -0.036125 -0.151336 0.227492
v 0.391521 -0.170863 0.145478
v -0.754728 -0.094707 0.125951
v 0.194296 -0.161100 0.229445
v 0.129856 -0.155242 0.227492
v -0.629753 -0.114234 0.137667
v -0.678571 -0.106423 0.125951
v -0.096660 -0.145478 0.213823
v -0.434481 -0.135714 0.180627
v -0.375899 -0.137667 0.180627
v 0.684430 -0.180627 0.122045
v -0.329034 -0.137667 0.182580
v 0.684430 -0.168911 -0.008787
v 0.715673 -0.166958 -0.028314
v 0.247020 -0.161100 0.207965
v 0.311459 -0.163052 0.174769
v 0.440339 -0.172816 0.110329
v -0.815262 -0.081038 0.131809
v -0.789877 -0.082991 0.104471
v -0.832837 -0.073227 0.106423
v 0.073227 -0.153289 0.229445
v -0.467677 -0.127903 0.155242
v 0.743011 -0.163052 -0.038078
v -0.239209 -0.135714 0.182580
v -0.549692 -0.120092 0.141572
v 0.536023 -0.174769 0.067369
v 0.489157 -0.168911 0.075180
v 0.578983 -0.168911 0.030267
v 0.684430 -0.159147 -0.040031
v 0.635612 -0.161100 -0.010740
v 0.758633 -0.166958 -0.008787
v 0.016598 -0.147431 0.219681
v -0.721531 -0.092754 0.106423
v -0.413001 -0.125951 0.153289
v 0.715673 -0.153289 -0.067369
v 0.743011 -0.149383 -0.079085
v 0.194296 -0.151336 0.202107
v -0.512590 -0.120092 0.141572
v 0.774255 -0.159147 -0.030267
v 0.774255 -0.149383 -0.067369
v -0.629753 -0.104471 0.114234
v -0.864080 -0.057605 0.084943
v 0.356372 -0.159147 0.141572
v -0.036125 -0.141572 0.204060
v -0.815262 -0.069322 0.084943
v 0.635612 -0.149383 -0.040031
v 0.578983 -0.155242 0.000976
v -0.754728 -0.079085 0.084943
v -0.678571 -0.092754 0.098613
v 0.774255 -0.137667 -0.098613
v 0.129856 -0.143525 0.202107
v 0.073227 -0.141572 0.204060
v -0.362230 -0.123998 0.151336
v -0.096660 -0.131809 0.184532
v -0.192343 -0.129856 0.174769
v 0.536023 -0.161100 0.038078
v 0.684430 -0.143525 -0.073227
v -0.291932 -0.123998 0.157194
v 0.758633 -0.127903 -0.122045
v 0.725437 -0.135714 -0.102518
v 0.233350 -0.145478 0.180627
v 0.274358 -0.151336 0.172816
v -0.901182 -0.041984 0.082991
v 0.409096 -0.159147 0.108376
v 0.016598 -0.133762 0.194296
v 0.803546 -0.135714 -0.084943
v 0.803546 -0.123998 -0.116187
v -0.549692 -0.106423 0.116187
v -0.467677 -0.114234 0.129856
v 0.803546 -0.106423 -0.153289
v 0.803546 -0.145478 -0.047842
v -0.512590 -0.104471 0.114234
v 0.159147 -0.131809 0.180627
v 0.096660 -0.123998 0.180627
v -0.239209 -0.114234 0.145478
v 0.774255 -0.106423 -0.155242
v 0.774255 -0.092754 -0.176721
v 0.803546 -0.094707 -0.188438
v 0.828931 -0.094707 -0.174769
v 0.828931 -0.094707 -0.206012
v 0.803546 -0.092754 -0.206012
v 0.828931 -0.092754 -0.231398
v 0.803546 -0.086896 -0.248972
v 0.828931 -0.088849 -0.260689
v 0.852364 -0.092754 -0.260689
v 0.852364 -0.090802 -0.231398
v 0.830884 -0.088849 -0.289979
v 0.809404 -0.081038 -0.309507
v 0.852364 -0.092754 -0.289979
v 0.852364 -0.094707 -0.329034
v 0.877749 -0.094707 -0.344656
v 0.877749 -0.096660 -0.387616
v 0.852364 -0.094707 -0.387616
v 0.877749 -0.100565 -0.436434
v 0.852364 -0.094707 -0.440339
v 0.877749 -0.098613 -0.463772
v 0.901182 -0.098613 -0.454008
v 0.901182 -0.094707 -0.477441
v 0.877749 -0.090802 -0.489157
v 0.852364 -0.090802 -0.471583
v 0.901182 -0.086896 -0.495015
v 0.877749 -0.088849 -0.289979
v 0.852364 -0.081038 -0.495015
v 0.830884 -0.086896 -0.358325
v 0.901182 -0.096660 -0.416906
v 0.774255 -0.082991 -0.196249
v 0.784018 -0.082991 -0.219681
v 0.828931 -0.102518 -0.141572
v 0.828931 -0.084943 -0.416906
v 0.852364 -0.088849 -0.188438
v 0.852364 -0.088849 -0.153289
v 0.901182 -0.090802 -0.373947
v 0.832837 -0.082991 -0.463772
v 0.813309 -0.077133 -0.387616
v 0.922662 -0.088849 -0.469630
v 0.787924 -0.075180 -0.270452
v 0.657091 -0.129856 -0.082991
v 0.758633 -0.073227 -0.206012
v 0.743011 -0.077133 -0.180627
v -0.413001 -0.110329 0.129856
v 0.311459 -0.143525 0.143525
v -0.329034 -0.108376 0.131809
v -0.192343 -0.114234 0.151336
v 0.743011 -0.092754 -0.163052
v 0.743011 -0.110329 -0.143525
v -0.036125 -0.123998 0.178674
v 0.684430 -0.120092 -0.108376
v 0.602415 -0.135714 -0.041984
v 0.871891 -0.086896 -0.260689
v 0.922662 -0.090802 -0.436434
v 0.828931 -0.131809 -0.057605
v -0.629753 -0.084943 0.088849
v -0.549692 -0.086896 0.092754
v 0.877749 -0.077133 -0.506732
v -0.721531 -0.071274 0.073227
v -0.832837 -0.051747 0.067369
v 0.828931 -0.118140 -0.102518
v 0.768397 -0.069322 -0.231398
v 0.040031 -0.120092 0.178674
v 0.795735 -0.069322 -0.329034
v -0.789877 -0.059558 0.067369
v 0.465725 -0.157194 0.073227
v -0.924615 -0.028314 0.084943
v 0.852364 -0.098613 -0.114234
v 0.867986 -0.082991 -0.206012
v 0.916804 -0.079085 -0.496968
v 0.247020 -0.127903 0.155242
v 0.194296 -0.123998 0.165005
v -0.096660 -0.114234 0.163052
v 0.514543 -0.149383 0.034173
v 0.553597 -0.143525 0.000976
v 0.901182 -0.077133 -0.506732
v 0.830884 -0.071274 -0.487205
v 0.356372 -0.139620 0.116187
v -0.879702 -0.038078 0.067369
v -0.434481 -0.094707 0.110329
v 0.895324 -0.084943 -0.329034
v 0.635612 -0.114234 -0.088849
v 0.715673 -0.100565 -0.141572
v 0.536023 -0.125951 -0.008787
v 0.465725 -0.139620 0.053700
v 0.409096 -0.141572 0.088849
v -0.348561 -0.090802 0.112282
v -0.467677 -0.082991 0.096660
v 0.887513 -0.079085 -0.260689
v -0.192343 -0.090802 0.127903
v -0.239209 -0.084943 0.118140
v 0.129856 -0.104471 0.161100
v 0.715673 -0.071274 -0.168911
v -0.678571 -0.061511 0.065416
v -0.629753 -0.063464 0.069322
v 0.657091 -0.100565 -0.114234
v 0.684430 -0.086896 -0.139620
v 0.602415 -0.118140 -0.061511
v -0.754728 -0.053700 0.059558
v -0.036125 -0.096660 0.153289
v -0.096660 -0.092754 0.143525
v 0.016598 -0.098613 0.159147
v 0.073227 -0.100565 0.161100
v 0.934378 -0.077133 -0.477441
v 0.852364 -0.063464 -0.510637
v 0.817215 -0.069322 -0.459866
v 0.578983 -0.100565 -0.063464
v 0.618037 -0.094707 -0.094707
v -0.413001 -0.073227 0.094707
v 0.735200 -0.055653 -0.196249
v -0.905087 -0.020504 0.065416
v 0.797688 -0.063464 -0.377852
v 0.750822 -0.051747 -0.231398
v 0.776208 -0.063464 -0.270452
v -0.549692 -0.067369 0.077133
v 0.311459 -0.114234 0.120092
v 0.233350 -0.102518 0.139620
v 0.356372 -0.116187 0.096660
v 0.159147 -0.090802 0.147431
v -0.348561 -0.071274 0.098613
v -0.938284 -0.014645 0.088849
v 0.922662 -0.061511 -0.508684
v 0.766444 -0.051747 -0.270452
v 0.780113 -0.051747 -0.321223
v -0.942189 -0.016598 0.118140
v 0.803546 0.059558 0.184532
v 0.803546 0.081038 0.163052
v 0.774255 0.075180 0.213823
v 0.832837 0.057605 0.133762
v 0.828931 0.038078 0.157194
v 0.854317 0.026362 0.118140
v 0.830884 0.014645 0.168911
v 0.856269 -0.000976 0.137667
v 0.803546 0.036125 0.198201
v 0.871891 0.000976 0.100565
v 0.852364 0.059558 0.084943
v 0.867986 0.034173 0.075180
v 0.881655 0.006835 0.067369
v 0.817215 0.081038 0.133762
v 0.852364 -0.026362 0.155242
v 0.828931 -0.014645 0.184532
v 0.873844 -0.030267 0.110329
v 0.774255 0.047842 0.227492
v 0.803546 0.010740 0.204060
v 0.803546 -0.016598 0.219681
v 0.774255 0.014645 0.235303
v 0.715673 0.073227 0.282169
v 0.817215 -0.034173 0.206012
v 0.743011 -0.004882 0.278263
v 0.774255 -0.028314 0.254830
v 0.715673 0.094707 0.266547
v 0.715673 0.026362 0.288027
v 0.635612 0.022456 0.366136
v 0.635612 0.043936 0.356372
v 0.743011 0.049794 0.258736
v 0.743011 -0.038078 0.286074
v 0.803546 -0.051747 0.223587
v 0.840647 -0.051747 0.174769
v 0.684430 0.088849 0.301696
v 0.684430 0.063464 0.311459
v 0.635612 0.073227 0.348561
v 0.602415 0.049794 0.379805
v 0.702004 -0.014645 0.315365
v 0.635612 0.094707 0.336845
v 0.774255 -0.051747 0.256783
v 0.602415 0.077133 0.370041
v 0.702004 -0.040031 0.319270
v 0.666855 -0.008787 0.342703
v 0.578983 0.032220 0.401285
v 0.553597 0.069322 0.405190
v 0.635612 -0.034173 0.370041
v 0.578983 -0.010740 0.407143
v 0.553597 0.016598 0.420812
v 0.536023 0.051747 0.420812
v 0.514543 0.032220 0.440339
v 0.553597 0.092754 0.391521
v 0.578983 0.102518 0.368088
v 0.715673 -0.059558 0.307554
v 0.489157 0.057605 0.440339
v 0.514543 0.081038 0.418859
v 0.465725 0.081038 0.440339
v 0.465725 0.032220 0.461819
v 0.514543 0.000976 0.442292
v 0.553597 -0.020504 0.420812
v 0.409096 0.063464 0.469630
v 0.856269 -0.051747 0.147431
v 0.873844 -0.049794 0.110329
v 0.758633 -0.075180 0.264594
v 0.817215 -0.073227 0.200154
v 0.409096 0.032220 0.479394
v 0.489157 0.098613 0.418859
v 0.409096 0.106423 0.446197
v 0.536023 0.114234 0.381757
v 0.635612 0.110329 0.319270
v 0.684430 0.110329 0.276310
v 0.578983 0.120092 0.350514
v 0.785971 -0.071274 0.237256
v 0.758633 0.100565 0.202107
v 0.465725 0.120092 0.411048
v 0.885560 -0.030267 0.079085
v 0.377852 0.131809 0.434481
v 0.830884 0.081038 0.098613
v 0.891418 -0.004882 0.043936
v 0.715673 0.110329 0.239209
v 0.883607 0.026362 0.030267
v 0.514543 0.129856 0.371994
v 0.867986 0.051747 0.030267
v 0.895324 0.002929 0.010740
v 0.854317 0.073227 0.030267
v 0.867986 0.059558 -0.008787
v 0.883607 0.034173 -0.008787
v 0.895324 0.014645 -0.030267
v 0.873844 0.051747 -0.047842
v 0.885560 0.032220 -0.067369
v 0.871891 0.049794 -0.090802
v 0.879702 0.032220 -0.127903
v 0.877749 0.030267 -0.153289
v 0.883607 0.022456 -0.174769
v 0.893371 0.012693 -0.247020
v 0.903135 0.006835 -0.309507
v 0.618037 0.000976 -0.120092
v 0.618037 0.020504 -0.112282
v 0.684430 0.008787 -0.165005
v 0.578983 0.002929 -0.090802
v 0.578983 0.022456 -0.082991
v 0.684430 0.038078 -0.149383
v 0.635612 0.047842 -0.110329
v 0.602415 0.043936 -0.086896
v 0.536023 0.043936 -0.038078
v 0.536023 0.022456 -0.049794
v 0.465725 0.022456 -0.000976
v 0.465725 0.041984 0.008787
v 0.409096 0.041984 0.043936
v 0.409096 0.020504 0.034173
v 0.702004 0.026362 -0.170863
v 0.721531 0.006835 -0.196249
v 0.735200 0.028314 -0.196249
v 0.536023 0.000976 -0.057605
v 0.465725 0.002929 -0.006835
v 0.409096 0.002929 0.028314
v 0.356372 0.000976 0.059558
v 0.356372 0.041984 0.071274
v 0.356372 0.020504 0.063464
v 0.715673 0.045889 -0.166958
v 0.409096 0.065416 0.057605
v 0.465725 0.063464 0.024409
v 0.356372 0.067369 0.084943
v 0.684430 0.061511 -0.131809
v 0.536023 0.063464 -0.022456
v 0.602415 0.065416 -0.069322
v 0.657091 0.071274 -0.102518
v 0.409096 0.104471 0.084943
v 0.465725 0.096660 0.051747
v 0.536023 0.086896 -0.000976
v 0.602415 0.084943 -0.045889
v 0.743011 0.057605 -0.174769
v 0.356372 0.106423 0.108376
v 0.311459 0.045889 0.090802
v 0.311459 0.073227 0.104471
v 0.311459 0.102518 0.120092
v 0.311459 0.018551 0.081038
v 0.311459 0.122045 0.135714
v 0.247020 0.102518 0.137667
v 0.247020 0.125951 0.157194
v 0.274358 0.018551 0.092754
v 0.233350 0.047842 0.110329
v 0.233350 0.077133 0.123998
v 0.194296 0.045889 0.118140
v 0.194296 0.077133 0.131809
v 0.194296 0.110329 0.155242
v 0.194296 0.137667 0.178674
v 0.159147 0.045889 0.123998
v 0.748869 0.008787 -0.231398
v 0.758633 0.022456 -0.231398
v 0.159147 0.098613 0.151336
v 0.129856 0.055653 0.131809
v 0.194296 0.012693 0.112282
v 0.618037 -0.020504 -0.123998
v 0.578983 -0.020504 -0.094707
v 0.674666 -0.012693 -0.161100
v 0.698099 -0.012693 -0.178674
v 0.096660 0.102518 0.159147
v 0.073227 0.071274 0.141572
v 0.465725 -0.016598 -0.008787
v 0.409096 -0.018551 0.026362
v 0.356372 -0.020504 0.057605
v 0.311459 -0.012693 0.079085
v 0.536023 -0.020504 -0.059558
v 0.717626 -0.012693 -0.196249
v 0.618037 -0.043936 -0.122045
v 0.409096 -0.040031 0.028314
v 0.356372 -0.041984 0.059558
v 0.465725 -0.036125 -0.006835
v 0.536023 -0.045889 -0.057605
v 0.578983 -0.043936 -0.092754
v 0.311459 -0.040031 0.082991
v 0.684430 -0.038078 -0.163052
v 0.702004 -0.038078 -0.176721
v 0.723484 -0.038078 -0.196249
v 0.465725 -0.057605 -0.000976
v 0.578983 -0.073227 -0.082991
v 0.635612 -0.061511 -0.125951
v 0.536023 -0.079085 -0.045889
v 0.409096 -0.071274 0.040031
v 0.684430 -0.063464 -0.153289
v 0.465725 -0.084943 0.010740
v 0.356372 -0.069322 0.071274
v 0.311459 -0.071274 0.094707
v 0.274358 -0.047842 0.098613
v 0.635612 -0.081038 -0.116187
v 0.274358 -0.071274 0.110329
v 0.409096 -0.098613 0.055653
v 0.194296 -0.047842 0.122045
v 0.465725 -0.108376 0.026362
v 0.536023 -0.104471 -0.026362
v 0.159147 -0.061511 0.133762
v -0.944142 0.008787 0.084943
v -0.946095 0.030267 0.086896
v -0.934378 0.020504 0.069322
v -0.930473 -0.006835 0.071274
v -0.916804 0.008787 0.057605
v -0.932425 0.045889 0.073227
v -0.916804 0.030267 0.057605
v -0.910946 -0.006835 0.059558
v -0.912898 0.049794 0.063464
v -0.895324 0.012693 0.049794
v -0.875796 -0.010740 0.051747
v -0.832837 -0.030267 0.051747
v -0.774255 -0.038078 0.049794
v -0.721531 -0.041984 0.051747
v -0.721531 -0.022456 0.041984
v -0.664902 -0.036125 0.051747
v -0.610226 -0.040031 0.057605
v -0.549692 -0.047842 0.065416
v -0.467677 -0.063464 0.082991
v -0.413001 -0.045889 0.081038
v -0.166958 0.012693 0.100565
v -0.239209 0.022456 0.088849
v -0.192343 0.047842 0.102518
v -0.096660 0.014645 0.114234
v -0.239209 0.043936 0.092754
v -0.096660 0.047842 0.120092
v -0.362230 0.043936 0.077133
v -0.036125 0.034173 0.123998
v -0.036125 0.008787 0.120092
v 0.016598 0.002929 0.123998
v -0.036125 0.061511 0.131809
v -0.362230 0.073227 0.086896
v -0.413001 0.077133 0.079085
v -0.434481 0.055653 0.071274
v -0.493063 0.075180 0.067369
v -0.467677 0.106423 0.081038
v -0.549692 0.067369 0.057605
v -0.512590 0.094707 0.071274
v 0.016598 0.049794 0.131809
v 0.040031 0.020504 0.125951
v 0.073227 -0.006835 0.125951
v -0.549692 0.094707 0.067369
v -0.629753 0.067369 0.047842
v -0.629753 0.040031 0.041984
v -0.678571 0.041984 0.038078
v -0.549692 0.034173 0.051747
v -0.493063 0.032220 0.061511
v -0.434481 0.020504 0.067369
v 0.073227 0.045889 0.131809
v -0.629753 0.014645 0.040031
v -0.678571 0.018551 0.036125
v -0.329034 0.008787 0.079085
v 0.096660 0.016598 0.123998
v -0.397379 0.106423 0.092754
v -0.348561 0.100565 0.098613
v -0.311459 0.092754 0.102518
v -0.493063 0.123998 0.084943
v -0.239209 0.082991 0.108376
v -0.721531 0.067369 0.045889
v -0.754728 0.041984 0.038078
v -0.754728 0.020504 0.036125
v -0.375899 0.008787 0.075180
v -0.096660 0.071274 0.129856
v -0.166958 0.073227 0.118140
v -0.209918 0.090802 0.118140
v -0.549692 0.006835 0.051747
v -0.239209 -0.004882 0.088849
v -0.192343 -0.020504 0.096660
v -0.493063 0.002929 0.061511
v -0.096660 -0.022456 0.114234
v -0.832837 0.030267 0.041984
v -0.754728 0.000976 0.036125
v -0.815262 0.049794 0.045889
v -0.434481 -0.008787 0.069322
v -0.375899 -0.020504 0.077133
v -0.329034 -0.020504 0.082991
v -0.036125 -0.018551 0.122045
v -0.832837 0.008787 0.041984
v 0.129856 -0.018551 0.123998
v -0.891418 0.038078 0.051747
v -0.678571 -0.008787 0.040031
v 0.016598 -0.034173 0.129856
v -0.096660 -0.047842 0.120092
v -0.036125 -0.041984 0.125951
v -0.239209 -0.036125 0.094707
v 0.159147 0.012693 0.118140
v 0.194296 -0.020504 0.114234
v 0.073227 -0.045889 0.133762
v -0.512590 -0.030267 0.065416
v -0.549692 -0.022456 0.055653
v -0.629753 -0.012693 0.045889
v -0.467677 -0.040031 0.073227
v -0.192343 -0.047842 0.104471
v -0.789877 -0.014645 0.041984
v -0.329034 -0.049794 0.090802
v 0.016598 -0.059558 0.137667
v -0.889466 0.055653 0.057605
v -0.036125 -0.063464 0.133762
v -0.096660 -0.067369 0.127903
v -0.239209 -0.061511 0.104471
v 0.274358 -0.014645 0.090802
v -0.192343 -0.069322 0.114234
v -0.532117 0.122045 0.082991
v 0.016598 0.075180 0.143525
v -0.397379 0.131809 0.106423
v -0.678571 0.084943 0.055653
v -0.610226 0.100565 0.067369
v -0.311459 0.129856 0.122045
v -0.276310 0.120092 0.123998
v -0.096660 0.122045 0.157194
v -0.071274 0.100565 0.149383
v -0.036125 0.110329 0.159147
v 0.040031 0.108376 0.163052
v -0.815262 0.069322 0.055653
v -0.166958 0.122045 0.145478
v -0.209918 0.118140 0.133762
v -0.239209 0.127903 0.135714
v -0.036125 0.131809 0.172816
v 0.016598 0.129856 0.176721
v -0.096660 0.139620 0.170863
v 0.073227 -0.067369 0.143525
v -0.678571 0.045889 0.344656
v -0.549692 0.061511 0.387616
v -0.467677 0.073227 0.411048
v -0.678571 0.028314 0.350514
v -0.467677 0.053700 0.416906
v -0.375899 0.051747 0.442292
v -0.549692 0.045889 0.391521
v -0.629753 0.020504 0.370041
v -0.549692 0.022456 0.397379
v -0.291932 0.053700 0.461819
v -0.721531 0.008787 0.332939
v -0.754728 0.006835 0.315365
v -0.192343 0.004882 0.491110
v -0.291932 -0.002929 0.467677
v -0.362230 -0.020504 0.452055
v -0.291932 0.020504 0.467677
v -0.192343 0.026362 0.491110
v -0.131809 0.030267 0.502826
v -0.096660 0.012693 0.508684
v -0.375899 -0.002929 0.448150
v -0.362230 0.020504 0.448150
v -0.493063 -0.014645 0.416906
v -0.467677 0.034173 0.418859
v -0.512590 0.006835 0.409096
v -0.549692 -0.004882 0.401285
v -0.512590 -0.030267 0.411048
v -0.629753 -0.004882 0.371994
v -0.678571 0.004882 0.352467
v -0.629753 -0.022456 0.371994
v -0.678571 -0.016598 0.352467
v -0.467677 -0.034173 0.420812
v -0.721531 -0.012693 0.332939
v -0.649281 -0.038078 0.360277
v -0.711768 -0.034173 0.332939
v -0.512590 -0.045889 0.405190
v -0.852364 0.008787 0.247020
v -0.860175 0.041984 0.237256
v -0.905087 0.022456 0.196249
v -0.901182 -0.004882 0.198201
v -0.934378 0.020504 0.163052
v -0.864080 -0.014645 0.231398
v -0.930473 -0.006835 0.161100
v -0.832837 0.030267 0.258736
v -0.807451 0.006835 0.280216
v -0.832837 -0.006835 0.258736
v -0.830884 -0.028314 0.256783
v -0.774255 -0.020504 0.301696
v -0.789877 -0.041984 0.282169
v -0.754728 -0.043936 0.305601
v -0.721531 -0.057605 0.319270
v -0.852364 -0.038078 0.231398
v -0.895324 -0.020504 0.196249
v -0.944142 0.008787 0.145478
v -0.815262 -0.051747 0.256783
v -0.678571 -0.057605 0.338798
v -0.789877 -0.063464 0.266547
v -0.754728 -0.065416 0.289979
v -0.946095 0.030267 0.139620
v -0.940236 -0.008787 0.139620
v -0.926567 -0.022456 0.149383
v -0.950000 0.008787 0.118140
v -0.950000 0.030267 0.118140
v 0.887513 -0.051747 -0.174769
v 0.893371 -0.051747 -0.206012
v 0.895324 -0.036125 -0.188438
v 0.899229 -0.063464 -0.260689
v 0.905087 -0.040031 -0.248972
v 0.881655 -0.065416 -0.174769
v 0.891418 -0.036125 -0.153289
v 0.912898 -0.061511 -0.305601
v 0.871891 -0.073227 -0.153289
v 0.885560 -0.051747 -0.141572
v 0.881655 -0.071274 -0.206012
v 0.893371 -0.024409 -0.127903
v 0.899229 -0.077133 -0.299743
v 0.916804 -0.079085 -0.371994
v 0.924615 -0.063464 -0.360277
v 0.936331 -0.063464 -0.405190
v 0.936331 -0.077133 -0.436434
v 0.946095 -0.061511 -0.436434
v 0.938284 -0.077133 -0.454008
v 0.948047 -0.061511 -0.454008
v 0.871891 -0.075180 -0.127903
v 0.928520 -0.047842 -0.360277
v 0.940236 -0.047842 -0.405190
v 0.916804 -0.040031 -0.305601
v 0.948047 -0.047842 -0.436434
v 0.889466 -0.049794 -0.114234
v 0.950000 -0.047842 -0.454008
v 0.944142 -0.061511 -0.477441
v 0.866033 -0.079085 -0.174769
v 0.883607 -0.071274 -0.090802
v 0.895324 -0.053700 -0.067369
v 0.889466 -0.077133 -0.028314
v 0.873844 -0.096660 -0.047842
v 0.869938 -0.088849 -0.090802
v 0.901182 -0.045889 -0.008787
v 0.891418 -0.073227 0.010740
v 0.873844 -0.102518 -0.008787
v 0.897276 -0.047842 0.030267
v 0.887513 -0.073227 0.045889
v 0.877749 -0.096660 0.030267
v 0.871891 -0.094707 0.067369
v 0.887513 -0.051747 0.067369
v 0.871891 -0.073227 0.098613
v 0.903135 -0.032220 -0.030267
v 0.899229 -0.032220 -0.082991
v 0.852364 -0.094707 0.123998
v 0.897276 -0.030267 0.040031
v 0.850411 -0.114234 0.094707
v 0.852364 -0.071274 0.145478
v 0.901182 -0.020504 0.010740
v 0.856269 -0.118140 0.057605
v 0.893371 -0.012693 -0.165005
v 0.895324 -0.008787 -0.114234
v 0.903135 -0.022456 -0.231398
v 0.912898 -0.024409 -0.289979
v 0.950000 -0.036125 -0.454008
v 0.948047 -0.034173 -0.436434
v 0.901182 -0.014645 -0.067369
v 0.928520 -0.032220 -0.360277
v 0.940236 -0.034173 -0.405190
v 0.946095 -0.047842 -0.477441
v 0.832837 -0.094707 0.161100
v 0.862127 -0.116187 0.020504
v 0.901182 -0.008787 -0.030267
v 0.946095 -0.036125 -0.477441
v 0.828931 -0.116187 0.139620
v 0.926567 -0.014645 -0.360277
v 0.809404 -0.094707 0.196249
v 0.809404 -0.114234 0.174769
v 0.856269 -0.120092 -0.008787
v 0.854317 -0.114234 -0.057605
v 0.897276 0.008787 -0.067369
v 0.942189 -0.018551 -0.426670
v 0.785971 -0.092754 0.225540
v 0.934378 -0.063464 -0.495015
v 0.785971 -0.110329 0.207965
v 0.938284 -0.047842 -0.495015
v 0.946095 -0.018551 -0.454008
v 0.908993 -0.008787 -0.289979
v 0.899229 -0.006835 -0.231398
v 0.891418 0.008787 -0.188438
v 0.889466 0.008787 -0.141572
v 0.891418 0.008787 -0.114234
v 0.936331 -0.036125 -0.495015
v 0.940236 -0.018551 -0.477441
v 0.805498 -0.036125 -0.454008
v 0.807451 -0.020504 -0.454008
v 0.817215 -0.036125 -0.485252
v 0.785971 -0.024409 -0.377852
v 0.817215 -0.051747 -0.483299
v 0.805498 -0.051747 -0.454008
v 0.787924 -0.043936 -0.375899
v 0.770349 -0.022456 -0.321223
v 0.772302 -0.036125 -0.321223
v 0.760586 -0.036125 -0.270452
v 0.758633 -0.022456 -0.270452
v 0.744964 -0.036125 -0.233350
v 0.743011 -0.022456 -0.233350
v 0.760586 -0.006835 -0.270452
v 0.744964 -0.006835 -0.233350
v 0.821120 -0.016598 -0.481346
v 0.789877 -0.008787 -0.371994
v 0.776208 -0.006835 -0.321223
v 0.766444 0.008787 -0.270452
v 0.780113 0.008787 -0.309507
v 0.797688 0.004882 -0.371994
v 0.817215 -0.004882 -0.454008
v 0.830884 -0.036125 -0.502826
v 0.832837 -0.020504 -0.500874
v 0.830884 -0.049794 -0.502826
v 0.901182 -0.047842 -0.518448
v 0.877749 -0.036125 -0.520401
v 0.901182 -0.036125 -0.518448
v 0.877749 -0.047842 -0.520401
v 0.877749 -0.020504 -0.516495
v 0.901182 -0.020504 -0.516495
v 0.922662 -0.036125 -0.510637
v 0.922662 -0.047842 -0.510637
v 0.901182 -0.061511 -0.516495
v 0.877749 -0.061511 -0.516495
v 0.852364 -0.036125 -0.514543
v 0.852364 -0.047842 -0.514543
v 0.852364 -0.020504 -0.512590
vt 0.346073 0.558057
vt 0.350421 0.544324
vt 0.307016 0.530226
vt 0.302929 0.542670
vt 0.372686 0.569041
vt 0.376412 0.557284
vt 0.347323 0.523798
vt 0.402175 0.557849
vt 0.261577 0.514997
vt 0.267530 0.497146
vt 0.232771 0.474219
vt 0.294059 0.497108
vt 0.225869 0.493985
vt 0.297018 0.488172
vt 0.239475 0.453820
vt 0.236799 0.461969
vt 0.195106 0.447998
vt 0.199279 0.435925
vt 0.318834 0.493278
vt 0.186982 0.469600
vt 0.202150 0.427172
vt 0.358174 0.519587
vt 0.422598 0.581390
vt 0.436376 0.573014
vt 0.164438 0.415390
vt 0.158142 0.431987
vt 0.447409 0.589932
vt 0.340047 0.576287
vt 0.463450 0.583037
vt 0.415187 0.552210
vt 0.167940 0.405356
vt 0.102615 0.397855
vt 0.110240 0.381003
vt 0.087943 0.378739
vt 0.299001 0.553948
vt 0.076348 0.365073
vt 0.151450 0.447349
vt 0.095960 0.412380
vt 0.257130 0.526997
vt 0.221265 0.505882
vt 0.392124 0.589914
vt 0.081842 0.352463
vt 0.114010 0.371182
vt 0.085732 0.393355
vt 0.444172 0.601186
vt 0.398865 0.605302
vt 0.307892 0.573992
vt 0.363725 0.596245
vt 0.069734 0.376367
vt 0.072747 0.406766
vt 0.069528 0.388358
vt 0.338962 0.596313
vt 0.059933 0.356551
vt 0.472495 0.611636
vt 0.476132 0.598113
vt 0.438716 0.619989
vt 0.383334 0.616941
vt 0.356489 0.617378
vt 0.408627 0.626597
vt 0.046794 0.375499
vt 0.056094 0.398244
vt 0.042264 0.357027
vt 0.478763 0.631691
vt 0.389694 0.633415
vt 0.434331 0.635360
vt 0.049232 0.347028
vt 0.474858 0.647292
vt 0.415350 0.642760
vt 0.496510 0.618095
vt 0.521786 0.644996
vt 0.501126 0.655386
vt 0.499484 0.606570
vt 0.525931 0.628253
vt 0.538292 0.671920
vt 0.033201 0.331016
vt 0.065687 0.345461
vt 0.542407 0.653799
vt 0.547525 0.632783
vt 0.529400 0.615045
vt 0.055352 0.335109
vt 0.038640 0.321738
vt 0.479208 0.587183
vt 0.502981 0.594109
vt 0.532942 0.602139
vt 0.439916 0.560770
vt 0.551952 0.616665
vt 0.022674 0.302997
vt 0.011247 0.305919
vt 0.010028 0.277863
vt 0.001635 0.282212
vt 0.269326 0.460467
vt 0.136952 0.376117
vt 0.466820 0.571375
vt 0.099159 0.350642
vt 0.050984 0.319734
vt 0.029006 0.294459
vt 0.069703 0.332876
vt 0.020320 0.269102
vt 0.010418 0.266885
vt 0.000423 0.269275
vt 0.485379 0.463036
vt 0.493782 0.483296
vt 0.511720 0.482621
vt 0.466758 0.469466
vt 0.516380 0.468257
vt 0.537993 0.484228
vt 0.543699 0.467336
vt 0.572131 0.481222
vt 0.565877 0.499410
vt 0.602888 0.491310
vt 0.577646 0.465230
vt 0.472098 0.451479
vt 0.442336 0.455927
vt 0.445933 0.443226
vt 0.425996 0.437538
vt 0.422802 0.449234
vt 0.395865 0.423382
vt 0.608979 0.474125
vt 0.649731 0.487140
vt 0.643578 0.467738
vt 0.676042 0.484089
vt 0.670742 0.462465
vt 0.380453 0.434968
vt 0.342660 0.397372
vt 0.701053 0.471159
vt 0.719327 0.490183
vt 0.735546 0.468692
vt 0.686863 0.509732
vt 0.629640 0.506756
vt 0.584328 0.512951
vt 0.746937 0.492527
vt 0.533049 0.499153
vt 0.662566 0.521453
vt 0.752842 0.476890
vt 0.748991 0.457568
vt 0.776751 0.451644
vt 0.779473 0.468012
vt 0.796756 0.442027
vt 0.804731 0.457471
vt 0.812301 0.438410
vt 0.491021 0.492120
vt 0.462053 0.485299
vt 0.785310 0.430070
vt 0.436706 0.475943
vt 0.348531 0.424524
vt 0.316843 0.409313
vt 0.321112 0.391077
vt 0.734368 0.450180
vt 0.707114 0.454771
vt 0.805496 0.420389
vt 0.288172 0.381395
vt 0.293305 0.358671
vt 0.275792 0.356298
vt 0.271329 0.376555
vt 0.236817 0.345314
vt 0.265645 0.342347
vt 0.241818 0.321396
vt 0.224899 0.325994
vt 0.221773 0.341287
vt 0.187727 0.316096
vt 0.184808 0.331369
vt 0.756301 0.438419
vt 0.151097 0.309040
vt 0.831591 0.421179
vt 0.825417 0.406898
vt 0.232499 0.365386
vt 0.217563 0.361268
vt 0.324870 0.375119
vt 0.157542 0.324289
vt 0.766780 0.501802
vt 0.738514 0.514984
vt 0.198263 0.304240
vt 0.153102 0.296358
vt 0.845304 0.399034
vt 0.797367 0.476544
vt 0.130602 0.293406
vt 0.633017 0.534304
vt 0.589877 0.528917
vt 0.276072 0.397114
vt 0.760682 0.518285
vt 0.417420 0.469146
vt 0.375318 0.454899
vt 0.343575 0.444573
vt 0.127990 0.309591
vt 0.227446 0.388233
vt 0.557636 0.524049
vt 0.180747 0.351186
vt 0.212595 0.383992
vt 0.665879 0.543226
vt 0.689401 0.539146
vt 0.095643 0.286244
vt 0.108506 0.304856
vt 0.856509 0.409321
vt 0.345871 0.384184
vt 0.387340 0.407509
vt 0.720597 0.534025
vt 0.832083 0.445325
vt 0.847696 0.429772
vt 0.867312 0.385075
vt 0.097168 0.273534
vt 0.614904 0.456845
vt 0.792546 0.411474
vt 0.676072 0.447459
vt 0.714438 0.434493
vt 0.741720 0.429863
vt 0.649235 0.451420
vt 0.764114 0.417310
vt 0.154908 0.284110
vt 0.132325 0.280303
vt 0.310350 0.359490
vt 0.280265 0.336492
vt 0.616340 0.544942
vt 0.310838 0.434356
vt 0.278184 0.424379
vt 0.525410 0.522717
vt 0.878018 0.392616
vt 0.876958 0.372610
vt 0.892949 0.372472
vt 0.855610 0.375864
vt 0.833496 0.387737
vt 0.894068 0.355153
vt 0.908746 0.350169
vt 0.909343 0.325539
vt 0.919772 0.325510
vt 0.893785 0.341717
vt 0.876730 0.355821
vt 0.933880 0.293569
vt 0.944599 0.299513
vt 0.866479 0.362257
vt 0.964149 0.268264
vt 0.947883 0.262078
vt 0.965256 0.252666
vt 0.954304 0.248189
vt 0.975453 0.256772
vt 0.925642 0.288533
vt 0.904766 0.316550
vt 0.812175 0.403697
vt 0.060752 0.266507
vt 0.823834 0.466301
vt 0.144853 0.341682
vt 0.066550 0.286800
vt 0.038402 0.266059
vt 0.030544 0.249396
vt 0.070105 0.254951
vt 0.218661 0.295906
vt 0.348470 0.373744
vt 0.415116 0.416581
vt 0.022644 0.256444
vt 0.504767 0.448725
vt 0.549462 0.449967
vt 0.732991 0.419274
vt 0.745157 0.536071
vt 0.977325 0.271245
vt 0.777242 0.506642
vt 0.768889 0.529945
vt 0.455385 0.507850
vt 0.482883 0.518441
vt 0.430311 0.498616
vt 0.411220 0.491854
vt 0.305239 0.457316
vt 0.337814 0.467452
vt 0.369328 0.477729
vt 0.574033 0.543435
vt 0.105745 0.319539
vt 0.200322 0.292346
vt 0.816770 0.485438
vt 0.175852 0.373808
vt 0.247546 0.422666
vt 0.272655 0.447296
vt 0.053227 0.243148
vt 0.438951 0.426209
vt 0.780694 0.403794
vt 0.583368 0.447807
vt 0.329286 0.357483
vt 0.206509 0.410611
vt 0.920048 0.344275
vt 0.935881 0.320143
vt 0.964647 0.281746
vt 0.243728 0.438552
vt 0.148762 0.366482
vt 0.171823 0.391544
vt 0.906053 0.371865
vt 0.889523 0.397545
vt 0.098706 0.255688
vt 0.597529 0.553767
vt 0.550197 0.546726
vt 0.845699 0.453601
vt 0.792213 0.513528
vt 0.636801 0.558604
vt 0.865965 0.420345
vt 0.683708 0.555750
vt 0.029794 0.237345
vt 0.254168 0.312639
vt 0.347728 0.495316
vt 0.390230 0.509587
vt 0.301713 0.471388
vt 0.799245 0.393513
vt 0.820511 0.382415
vt 0.120107 0.348748
vt 0.885199 0.335818
vt 0.939549 0.256214
vt 0.726248 0.550199
vt 0.517229 0.548265
vt 0.448761 0.530356
vt 0.423932 0.521225
vt 0.475984 0.540999
vt 0.088227 0.327644
vt 0.035128 0.279761
vt 0.062433 0.308559
vt 0.660293 0.559974
vt 0.133643 0.267845
vt 0.970269 0.241490
vt 0.980486 0.247162
vt 0.878506 0.412699
vt 0.156743 0.270116
vt 0.390920 0.393794
vt 0.418847 0.402848
vt 0.307432 0.340445
vt 0.636666 0.439712
vt 0.466073 0.431726
vt 0.867327 0.348740
vt 0.915809 0.288061
vt 0.831380 0.492022
vt 0.818631 0.507621
vt 0.607763 0.443923
vt 0.667739 0.434903
vt 0.958271 0.237345
vt 0.985904 0.267986
vt 0.016844 0.239585
vt 0.694977 0.430165
vt 0.853460 0.358980
vt 0.973580 0.286172
vt 0.607546 0.571942
vt 0.565594 0.569486
vt 0.984750 0.258119
vt 0.895994 0.310393
vt 0.495357 0.430103
vt 0.644566 0.574728
vt 0.859339 0.448019
vt 0.443058 0.411865
vt 0.950150 0.318413
vt 0.935913 0.340671
vt 0.795615 0.528708
vt 0.510582 0.569271
vt 0.471164 0.556821
vt 0.443788 0.547425
vt 0.709131 0.568740
vt 0.758017 0.547781
vt 0.946462 0.240069
vt 0.571929 0.583951
vt 0.418842 0.539303
vt 0.194076 0.411491
vt 0.099393 0.244717
vt 0.134902 0.253927
vt 0.746078 0.563022
vt 0.351718 0.361639
vt 0.844815 0.486729
vt 0.537940 0.585200
vt 0.677135 0.577105
vt 0.874484 0.433833
vt 0.876220 0.328998
vt 0.283704 0.322989
vt 0.385750 0.525957
vt 0.473458 0.406749
vt 0.499991 0.414394
vt 0.917737 0.367032
vt 0.226830 0.434035
vt 0.628124 0.586317
vt 0.770272 0.557217
vt 0.985270 0.281480
vt 0.493307 0.578190
vt 0.733434 0.574732
vt 0.863104 0.470681
vt 0.650914 0.591180
vt 0.672372 0.594267
vt 0.816141 0.531752
vt 0.898311 0.401078
vt 0.909113 0.387826
vt 0.798051 0.543892
vt 0.011577 0.253579
vt 0.704556 0.585969
vt 0.838304 0.504351
vt 0.557578 0.595989
vt 0.888590 0.424068
vt 0.598990 0.601042
vt 0.980188 0.292911
vt 0.958949 0.323228
vt 0.991683 0.249128
vt 0.005704 0.242966
vt 0.995347 0.258072
vt 0.001291 0.257274
vt 0.480748 0.975872
vt 0.455742 0.984402
vt 0.482973 0.988159
vt 0.536315 0.973724
vt 0.547531 0.959061
vt 0.491326 0.961753
vt 0.531466 0.950578
vt 0.564883 0.963846
vt 0.440611 0.972582
vt 0.432400 0.988831
vt 0.444567 0.999522
vt 0.511441 0.992978
vt 0.484720 0.998534
vt 0.416179 0.984510
vt 0.429370 0.967050
vt 0.587680 0.942498
vt 0.590871 0.954672
vt 0.570271 0.938160
vt 0.595908 0.929776
vt 0.438004 0.957160
vt 0.475823 0.950100
vt 0.495244 0.948863
vt 0.623004 0.931823
vt 0.626126 0.943020
vt 0.636869 0.918516
vt 0.541663 0.933424
vt 0.399757 0.976206
vt 0.388124 0.992723
vt 0.552152 0.981588
vt 0.582854 0.923883
vt 0.617093 0.911340
vt 0.411943 0.952802
vt 0.385417 0.962097
vt 0.644790 0.902026
vt 0.565233 0.917981
vt 0.665149 0.909036
vt 0.591105 0.911458
vt 0.509497 0.928999
vt 0.375070 0.977395
vt 0.673857 0.889119
vt 0.710653 0.878183
vt 0.707250 0.867891
vt 0.435350 0.943907
vt 0.456593 0.943683
vt 0.349801 0.962403
vt 0.470530 0.926975
vt 0.423954 0.938431
vt 0.359045 0.949019
vt 0.382814 0.946234
vt 0.506244 0.915587
vt 0.326041 0.947005
vt 0.430558 0.923057
vt 0.337976 0.939794
vt 0.356237 0.933152
vt 0.406875 0.929722
vt 0.418110 0.913754
vt 0.466649 0.911011
vt 0.303920 0.930186
vt 0.353771 0.921231
vt 0.322045 0.921058
vt 0.438650 0.903581
vt 0.293146 0.917313
vt 0.295317 0.941018
vt 0.331536 0.907552
vt 0.307423 0.905904
vt 0.362770 0.907484
vt 0.267753 0.920937
vt 0.313378 0.958138
vt 0.283585 0.947443
vt 0.257867 0.929501
vt 0.279438 0.905156
vt 0.256334 0.907081
vt 0.335699 0.890794
vt 0.315653 0.893458
vt 0.233293 0.910049
vt 0.276388 0.891901
vt 0.253137 0.892227
vt 0.231408 0.896830
vt 0.294775 0.887526
vt 0.248939 0.877047
vt 0.272389 0.878224
vt 0.244537 0.861007
vt 0.216124 0.864526
vt 0.228924 0.884398
vt 0.202150 0.869245
vt 0.203729 0.849679
vt 0.188121 0.852470
vt 0.183230 0.833641
vt 0.170610 0.840351
vt 0.169802 0.815286
vt 0.159330 0.825344
vt 0.761526 0.815681
vt 0.714166 0.851128
vt 0.805909 0.806869
vt 0.755609 0.842741
vt 0.801760 0.793883
vt 0.823710 0.788957
vt 0.700684 0.845338
vt 0.680729 0.858751
vt 0.836221 0.768682
vt 0.797106 0.779048
vt 0.757560 0.802210
vt 0.697817 0.834638
vt 0.831975 0.756190
vt 0.677174 0.845290
vt 0.871354 0.746214
vt 0.636232 0.870237
vt 0.639601 0.883068
vt 0.613392 0.897491
vt 0.642249 0.893114
vt 0.595412 0.890927
vt 0.875373 0.756858
vt 0.577152 0.901324
vt 0.551240 0.907276
vt 0.754129 0.789539
vt 0.793475 0.766481
vt 0.606571 0.870662
vt 0.573434 0.886581
vt 0.673627 0.830992
vt 0.694749 0.822481
vt 0.518432 0.896665
vt 0.569734 0.871860
vt 0.580271 0.868358
vt 0.767003 0.768187
vt 0.856151 0.731952
vt 0.889215 0.721218
vt 0.576581 0.853459
vt 0.627409 0.834349
vt 0.691779 0.810125
vt 0.810954 0.748083
vt 0.515254 0.884058
vt 0.550761 0.860031
vt 0.689021 0.798309
vt 0.624375 0.821207
vt 0.459973 0.885073
vt 0.774928 0.757251
vt 0.573559 0.841008
vt 0.456966 0.873711
vt 0.548247 0.849753
vt 0.421416 0.887882
vt 0.415255 0.902805
vt 0.841752 0.722523
vt 0.747970 0.763752
vt 0.428272 0.865569
vt 0.408599 0.878808
vt 0.505393 0.845200
vt 0.382708 0.893882
vt 0.868119 0.704982
vt 0.884864 0.707626
vt 0.808334 0.736377
vt 0.686180 0.785438
vt 0.594203 0.818947
vt 0.569959 0.825520
vt 0.544216 0.833074
vt 0.772131 0.744605
vt 0.366965 0.881622
vt 0.340222 0.871554
vt 0.315922 0.881218
vt 0.745532 0.752290
vt 0.682630 0.768852
vt 0.590690 0.803431
vt 0.404213 0.863948
vt 0.449669 0.847188
vt 0.385306 0.851745
vt 0.822116 0.715938
vt 0.900500 0.681692
vt 0.345511 0.849402
vt 0.319906 0.867215
vt 0.566405 0.810174
vt 0.540550 0.817763
vt 0.501496 0.829894
vt 0.304833 0.847349
vt 0.422629 0.845871
vt 0.405957 0.834671
vt 0.380170 0.835115
vt 0.285294 0.857728
vt 0.290107 0.872286
vt 0.284900 0.833004
vt 0.273139 0.846215
vt 0.305530 0.823888
vt 0.327680 0.832966
vt 0.335039 0.817680
vt 0.350282 0.828764
vt 0.296350 0.813773
vt 0.272539 0.819089
vt 0.263266 0.831019
vt 0.878795 0.681024
vt 0.267042 0.861134
vt 0.911582 0.654304
vt 0.253348 0.844725
vt 0.243138 0.828521
vt 0.930331 0.656690
vt 0.918491 0.682898
vt 0.938798 0.635171
vt 0.949836 0.642449
vt 0.229535 0.835360
vt 0.233995 0.848890
vt 0.218377 0.816263
vt 0.207319 0.833870
vt 0.193496 0.816083
vt 0.203662 0.799264
vt 0.966069 0.620223
vt 0.965168 0.596536
vt 0.183026 0.803506
vt 0.190578 0.784868
vt 0.983768 0.591939
vt 0.174912 0.777852
vt 0.964578 0.582626
vt 0.980898 0.578299
vt 0.945880 0.660711
vt 0.163746 0.796875
vt 0.160747 0.776268
vt 0.149264 0.780933
vt 0.992326 0.581723
vt 0.961724 0.646071
vt 0.907401 0.704615
vt 0.151902 0.802035
vt 0.978649 0.623619
vt 0.418433 0.801601
vt 0.447794 0.790960
vt 0.414115 0.786505
vt 0.384246 0.798296
vt 0.401237 0.819093
vt 0.374957 0.818550
vt 0.388655 0.777596
vt 0.442505 0.821372
vt 0.494888 0.803702
vt 0.490845 0.787401
vt 0.365008 0.787355
vt 0.339746 0.797086
vt 0.361383 0.806586
vt 0.346012 0.777797
vt 0.324352 0.786241
vt 0.425860 0.827290
vt 0.318614 0.806210
vt 0.304224 0.795186
vt 0.297957 0.777186
vt 0.318519 0.768742
vt 0.534360 0.791487
vt 0.530572 0.775170
vt 0.569437 0.781239
vt 0.288672 0.799972
vt 0.612890 0.769179
vt 0.581252 0.760563
vt 0.608303 0.747594
vt 0.675630 0.735116
vt 0.712390 0.742731
vt 0.708087 0.721323
vt 0.737873 0.713789
vt 0.768887 0.728389
vt 0.764845 0.707134
vt 0.742063 0.735099
vt 0.818173 0.694579
vt 0.813751 0.670095
vt 0.734345 0.695416
vt 0.761431 0.688787
vt 0.267566 0.805212
vt 0.875366 0.662536
vt 0.869853 0.630668
vt 0.268410 0.786324
vt 0.245336 0.797062
vt 0.555653 0.762248
vt 0.695374 0.705058
vt 0.905839 0.622438
vt 0.670824 0.711287
vt 0.811161 0.654593
vt 0.793888 0.658472
vt 0.251085 0.812840
vt 0.272831 0.766450
vt 0.248790 0.777773
vt 0.228299 0.787643
vt 0.221667 0.770131
vt 0.211463 0.783746
vt 0.224706 0.801295
vt 0.200115 0.766477
vt 0.242076 0.759821
vt 0.577709 0.743880
vt 0.367885 0.767931
vt 0.903600 0.607832
vt 0.470771 0.777272
vt 0.500410 0.766338
vt 0.845693 0.627220
vt 0.867667 0.615889
vt 0.604348 0.728588
vt 0.758236 0.670893
vt 0.731003 0.677550
vt 0.237806 0.813632
vt 0.709367 0.683824
vt 0.214403 0.751204
vt 0.197889 0.748685
vt 0.443470 0.774137
vt 0.408947 0.767898
vt 0.340278 0.759839
vt 0.933109 0.604225
vt 0.918733 0.592359
vt 0.939500 0.588658
vt 0.526976 0.759275
vt 0.771322 0.653501
vt 0.184743 0.749545
vt 0.667381 0.694010
vt 0.808469 0.637302
vt 0.291213 0.757257
vt 0.312987 0.751212
vt 0.266065 0.747579
vt 0.208393 0.735810
vt 0.234360 0.739071
vt 0.183628 0.766488
vt 0.552136 0.745973
vt 0.886508 0.600222
vt 0.745476 0.657807
vt 0.190227 0.729461
vt 0.176661 0.729479
vt 0.467176 0.761971
vt 0.791037 0.640793
vt 0.172912 0.759259
vt 0.165767 0.741334
vt 0.843809 0.613682
vt 0.953495 0.573147
vt 0.383469 0.758049
vt 0.574912 0.730527
vt 0.929753 0.578156
vt 0.228665 0.723884
vt 0.260573 0.731721
vt 0.900768 0.584330
vt 0.865637 0.599595
vt 0.159366 0.725702
vt 0.497114 0.751538
vt 0.523743 0.744525
vt 0.721433 0.662051
vt 0.600800 0.711500
vt 0.644460 0.694634
vt 0.286034 0.741162
vt 0.201782 0.718395
vt 0.689067 0.672962
vt 0.160985 0.710241
vt 0.178888 0.713034
vt 0.446185 0.755615
vt 0.425983 0.758953
vt 0.972064 0.567393
vt 0.354306 0.750718
vt 0.548873 0.730719
vt 0.149200 0.738006
vt 0.142606 0.722201
vt 0.806165 0.621952
vt 0.768754 0.638216
vt 0.133939 0.702415
vt 0.156370 0.756220
vt 0.788385 0.623986
vt 0.480628 0.742340
vt 0.509492 0.731995
vt 0.662792 0.671401
vt 0.146421 0.694576
vt 0.141220 0.681765
vt 0.125681 0.684005
vt 0.117520 0.696939
vt 0.110891 0.681924
vt 0.121457 0.675375
vt 0.105099 0.670238
vt 0.111283 0.655215
vt 0.098379 0.656773
vt 0.089064 0.663057
vt 0.095651 0.676220
vt 0.090652 0.644307
vt 0.094696 0.629464
vt 0.082179 0.650207
vt 0.072748 0.633417
vt 0.059446 0.633616
vt 0.049178 0.615400
vt 0.058682 0.608572
vt 0.037904 0.595106
vt 0.046330 0.586828
vt 0.031973 0.584040
vt 0.025578 0.593614
vt 0.020535 0.583806
vt 0.026491 0.573186
vt 0.039392 0.574075
vt 0.016316 0.575839
vt 0.072417 0.657108
vt 0.034437 0.563428
vt 0.074302 0.614666
vt 0.033640 0.609215
vt 0.136658 0.670758
vt 0.126641 0.662673
vt 0.124546 0.713525
vt 0.061022 0.589538
vt 0.104670 0.695719
vt 0.110858 0.712252
vt 0.043459 0.627750
vt 0.048557 0.571248
vt 0.074578 0.596730
vt 0.013266 0.592149
vt 0.113002 0.640159
vt 0.211065 0.705401
vt 0.141144 0.660462
vt 0.153765 0.668464
vt 0.742756 0.642824
vt 0.404769 0.748391
vt 0.703283 0.652742
vt 0.641363 0.679752
vt 0.157800 0.680450
vt 0.162462 0.693528
vt 0.571446 0.714257
vt 0.194402 0.698019
vt 0.242329 0.712959
vt 0.081191 0.668428
vt 0.020746 0.606743
vt 0.142255 0.756044
vt 0.841561 0.596462
vt 0.803733 0.605576
vt 0.022115 0.563420
vt 0.884140 0.578798
vt 0.937783 0.564061
vt 0.133266 0.733484
vt 0.131119 0.650951
vt 0.535565 0.722727
vt 0.096410 0.615961
vt 0.916610 0.568318
vt 0.323221 0.743238
vt 0.985022 0.564487
vt 0.118340 0.731306
vt 0.094418 0.691893
vt 0.008668 0.577941
vt 0.436605 0.740608
vt 0.462312 0.737530
vt 0.597642 0.696854
vt 0.294862 0.732457
vt 0.271659 0.723709
vt 0.012708 0.569335
vt 0.044575 0.559013
vt 0.380162 0.741039
vt 0.961383 0.558922
vt 0.750423 0.627034
vt 0.056042 0.645849
vt 0.218895 0.694127
vt 0.174079 0.685493
vt 0.277737 0.711089
vt 0.320289 0.729418
vt 0.351761 0.736766
vt 0.709662 0.636442
vt 0.764490 0.613732
vt 0.074561 0.673063
vt 0.637499 0.662281
vt 0.658183 0.650242
vt 0.491097 0.721306
vt 0.167844 0.665506
vt 0.862781 0.574898
vt 0.839494 0.580758
vt 0.204464 0.683969
vt 0.187349 0.675305
vt 0.238625 0.699634
vt 0.899059 0.564820
vt 0.567096 0.694632
vt 0.594197 0.681589
vt 0.543170 0.704404
vt 0.517171 0.713044
vt 0.005058 0.590772
vt 0.030938 0.552531
vt 0.056768 0.566451
vt 0.248605 0.688661
vt 0.225391 0.681741
vt 0.737453 0.615387
vt 0.154358 0.653793
vt 0.975593 0.552531
vt 0.084621 0.594745
vt 0.139782 0.642522
vt 0.119013 0.634979
vt 0.801630 0.592081
vt 0.402301 0.728137
vt 0.441165 0.723516
vt 0.378100 0.724591
vt 0.476421 0.714772
vt 0.706958 0.623780
vt 0.994765 0.563511
vt 0.000423 0.571159
vt 0.124378 0.630057
vt 0.107025 0.611968
vt 0.999577 0.579208
vt 0.480889 0.064492
vt 0.487990 0.050742
vt 0.461404 0.057597
vt 0.507947 0.061515
vt 0.498914 0.074102
vt 0.521134 0.077255
vt 0.496073 0.087576
vt 0.515430 0.093826
vt 0.476816 0.077890
vt 0.533912 0.089391
vt 0.531963 0.055625
vt 0.541181 0.068601
vt 0.549402 0.082664
vt 0.502829 0.047755
vt 0.508944 0.108595
vt 0.490946 0.104163
vt 0.532535 0.106931
vt 0.457451 0.072919
vt 0.475562 0.091473
vt 0.470931 0.107157
vt 0.455612 0.090676
vt 0.420206 0.061392
vt 0.480438 0.115739
vt 0.431743 0.102920
vt 0.450073 0.114675
vt 0.424835 0.048678
vt 0.419035 0.085871
vt 0.367625 0.089585
vt 0.370380 0.077721
vt 0.437092 0.072925
vt 0.429788 0.120616
vt 0.470570 0.125814
vt 0.499501 0.123397
vt 0.403446 0.053127
vt 0.400733 0.066933
vt 0.372510 0.062109
vt 0.351644 0.074609
vt 0.406289 0.108708
vt 0.375756 0.049893
vt 0.449909 0.127041
vt 0.354331 0.059768
vt 0.405332 0.122214
vt 0.385626 0.105935
vt 0.337021 0.083886
vt 0.326629 0.063548
vt 0.366410 0.119376
vt 0.335137 0.106519
vt 0.322127 0.091852
vt 0.315702 0.072584
vt 0.302286 0.082746
vt 0.378786 0.131779
vt 0.330225 0.050013
vt 0.346024 0.044283
vt 0.413875 0.132391
vt 0.292480 0.067561
vt 0.308094 0.055617
vt 0.283446 0.053413
vt 0.277545 0.080832
vt 0.301162 0.099162
vt 0.321606 0.111342
vt 0.275907 0.093395
vt 0.348385 0.126413
vt 0.253067 0.060111
vt 0.312247 0.125560
vt 0.287571 0.109898
vt 0.514487 0.121531
vt 0.533790 0.117418
vt 0.442495 0.140093
vt 0.483964 0.136473
vt 0.249880 0.077152
vt 0.298149 0.043977
vt 0.232351 0.034154
vt 0.259195 0.035010
vt 0.227787 0.055071
vt 0.224395 0.073222
vt 0.247311 0.095865
vt 0.232865 0.087385
vt 0.407346 0.142100
vt 0.325852 0.035408
vt 0.380664 0.038858
vt 0.411015 0.037918
vt 0.350668 0.032261
vt 0.460811 0.137206
vt 0.460131 0.040821
vt 0.290672 0.028895
vt 0.236614 0.019212
vt 0.548277 0.103718
vt 0.214467 0.016618
vt 0.249127 0.015790
vt 0.520234 0.043862
vt 0.562402 0.086110
vt 0.433620 0.035500
vt 0.563900 0.067253
vt 0.356406 0.020284
vt 0.389177 0.023370
vt 0.319730 0.022135
vt 0.435984 0.151385
vt 0.558848 0.052298
vt 0.488997 0.033287
vt 0.419662 0.024803
vt 0.576893 0.077091
vt 0.510079 0.035262
vt 0.283950 0.011482
vt 0.218780 0.003505
vt 0.336185 0.011916
vt 0.554442 0.039551
vt 0.243694 0.000478
vt 0.459303 0.028136
vt 0.435624 0.020383
vt 0.314688 0.002323
vt 0.542813 0.030588
vt 0.575171 0.041292
vt 0.580307 0.056398
vt 0.593864 0.063887
vt 0.558460 0.023046
vt 0.594379 0.038533
vt 0.607184 0.046333
vt 0.581566 0.027830
vt 0.613929 0.030222
vt 0.614834 0.014384
vt 0.630644 0.021579
vt 0.634265 0.032444
vt 0.646220 0.027553
vt 0.653888 0.015899
vt 0.658074 0.028485
vt 0.670953 0.016136
vt 0.694992 0.021444
vt 0.691975 0.008958
vt 0.724047 0.005676
vt 0.727046 0.014715
vt 0.750401 0.000478
vt 0.754230 0.011807
vt 0.776982 0.232852
vt 0.774594 0.243557
vt 0.814402 0.238140
vt 0.754278 0.233188
vt 0.751827 0.243936
vt 0.809657 0.255014
vt 0.780336 0.259406
vt 0.761458 0.256915
vt 0.722715 0.255806
vt 0.726273 0.243297
vt 0.685374 0.241722
vt 0.682456 0.253167
vt 0.650281 0.251962
vt 0.653102 0.239363
vt 0.822479 0.248255
vt 0.837148 0.237405
vt 0.842158 0.249675
vt 0.728788 0.231349
vt 0.687284 0.230777
vt 0.654931 0.229351
vt 0.624870 0.226834
vt 0.621315 0.250451
vt 0.623508 0.237913
vt 0.826223 0.260388
vt 0.646553 0.266190
vt 0.678016 0.266673
vt 0.617891 0.265912
vt 0.804430 0.269394
vt 0.718144 0.268162
vt 0.756310 0.270397
vt 0.785941 0.275423
vt 0.639549 0.290593
vt 0.670574 0.288151
vt 0.711974 0.283618
vt 0.749561 0.284623
vt 0.838477 0.269038
vt 0.852295 0.259788
vt 0.612375 0.289772
vt 0.818142 0.278704
vt 0.597102 0.251139
vt 0.594040 0.267669
vt 0.590701 0.285261
vt 0.599631 0.235117
vt 0.635365 0.304419
vt 0.665451 0.302385
vt 0.691998 0.301467
vt 0.729778 0.297408
vt 0.607548 0.307127
vt 0.796556 0.286210
vt 0.777544 0.292765
vt 0.587788 0.298164
vt 0.559005 0.282972
vt 0.555951 0.298931
vt 0.580343 0.233723
vt 0.557694 0.248689
vt 0.555101 0.266216
vt 0.538292 0.246067
vt 0.535913 0.264657
vt 0.532476 0.286379
vt 0.529329 0.305229
vt 0.520867 0.244722
vt 0.857888 0.235786
vt 0.861479 0.243643
vt 0.867597 0.253178
vt 0.584485 0.311391
vt 0.516939 0.276890
vt 0.501203 0.290487
vt 0.505854 0.249406
vt 0.539979 0.227369
vt 0.778296 0.221525
vt 0.755706 0.220797
vt 0.809833 0.226425
vt 0.823643 0.226776
vt 0.552306 0.316612
vt 0.759613 0.301994
vt 0.829941 0.285657
vt 0.852276 0.276533
vt 0.487113 0.276517
vt 0.477702 0.256066
vt 0.475043 0.289221
vt 0.509688 0.322350
vt 0.688176 0.220069
vt 0.655869 0.217494
vt 0.625879 0.214785
vt 0.600919 0.217488
vt 0.729685 0.219812
vt 0.835893 0.227134
vt 0.498650 0.306069
vt 0.778032 0.209265
vt 0.655856 0.205617
vt 0.626033 0.202736
vt 0.688056 0.209318
vt 0.729602 0.206172
vt 0.755514 0.208461
vt 0.601017 0.201912
vt 0.814355 0.212803
vt 0.824844 0.213111
vt 0.838353 0.213833
vt 0.686979 0.197221
vt 0.753298 0.192469
vt 0.785993 0.199685
vt 0.727030 0.187622
vt 0.653743 0.187499
vt 0.812013 0.198598
vt 0.684550 0.181310
vt 0.624168 0.186439
vt 0.599779 0.183454
vt 0.581455 0.196148
vt 0.828183 0.194083
vt 0.842900 0.204098
vt 0.783687 0.188562
vt 0.580376 0.181806
vt 0.650672 0.170785
vt 0.620034 0.158175
vt 0.808729 0.184777
vt 0.596505 0.156926
vt 0.558681 0.161454
vt 0.540983 0.193123
vt 0.681099 0.166658
vt 0.722249 0.171512
vt 0.771554 0.179906
vt 0.748473 0.175705
vt 0.523762 0.183965
vt 0.523776 0.166674
vt 0.791809 0.176362
vt 0.718042 0.157684
vt 0.644023 0.142789
vt 0.675060 0.145686
vt 0.005766 0.175754
vt 0.004035 0.186996
vt 0.013511 0.182342
vt 0.015163 0.169112
vt 0.007597 0.163041
vt 0.022688 0.177327
vt 0.012765 0.194923
vt 0.022186 0.187446
vt 0.024949 0.169612
vt 0.003807 0.196812
vt 0.022193 0.197410
vt 0.032098 0.179773
vt 0.013119 0.204019
vt 0.040691 0.168503
vt 0.026703 0.161678
vt 0.038419 0.152564
vt 0.060072 0.159576
vt 0.014454 0.155850
vt 0.059880 0.146025
vt 0.086459 0.157132
vt 0.079548 0.142789
vt 0.095656 0.148032
vt 0.110355 0.156489
vt 0.109621 0.167591
vt 0.135833 0.161797
vt 0.130926 0.146176
vt 0.153572 0.147067
vt 0.161070 0.161864
vt 0.190810 0.148653
vt 0.189343 0.160476
vt 0.228655 0.155210
vt 0.230342 0.142795
vt 0.254923 0.151909
vt 0.252961 0.167875
vt 0.284736 0.156598
vt 0.364632 0.211554
vt 0.330304 0.212905
vt 0.351500 0.229051
vt 0.398156 0.216228
vt 0.329593 0.224291
vt 0.397067 0.234356
vt 0.272255 0.218100
vt 0.426524 0.229739
vt 0.427373 0.215821
vt 0.453051 0.214894
vt 0.425694 0.245134
vt 0.271459 0.234351
vt 0.247522 0.233470
vt 0.238199 0.220797
vt 0.210288 0.228266
vt 0.221270 0.246744
vt 0.184265 0.221341
vt 0.200729 0.238079
vt 0.451375 0.240944
vt 0.463763 0.225537
vt 0.480881 0.211834
vt 0.183591 0.236418
vt 0.147645 0.217522
vt 0.148499 0.203240
vt 0.126537 0.202088
vt 0.185290 0.203883
vt 0.211777 0.205585
vt 0.239505 0.202253
vt 0.478844 0.241277
vt 0.149374 0.190266
vt 0.127340 0.190239
vt 0.289160 0.201285
vt 0.491512 0.225730
vt 0.254100 0.250819
vt 0.277115 0.250356
vt 0.294764 0.248272
vt 0.209089 0.255373
vt 0.328762 0.246355
vt 0.106452 0.213900
vt 0.092747 0.199101
vt 0.093491 0.188326
vt 0.267381 0.198977
vt 0.396563 0.248027
vt 0.363080 0.245115
vt 0.342446 0.252772
vt 0.186371 0.189754
vt 0.331513 0.198655
vt 0.354116 0.192868
vt 0.212987 0.190223
vt 0.399662 0.196327
vt 0.058739 0.190367
vt 0.094119 0.178565
vt 0.065545 0.201113
vt 0.240858 0.186875
vt 0.268734 0.183583
vt 0.290630 0.185801
vt 0.428493 0.201015
vt 0.059388 0.179737
vt 0.508870 0.207495
vt 0.032812 0.192100
vt 0.128358 0.176285
vt 0.454515 0.194418
vt 0.401074 0.182471
vt 0.429541 0.188247
vt 0.333244 0.182097
vt 0.522404 0.226031
vt 0.540862 0.208849
vt 0.482152 0.190036
vt 0.205631 0.171640
vt 0.187734 0.174510
vt 0.150660 0.175998
vt 0.227113 0.168473
vt 0.355847 0.178037
vt 0.078964 0.169253
vt 0.292339 0.169926
vt 0.455589 0.180055
vt 0.032453 0.201150
vt 0.430724 0.176073
vt 0.402378 0.171373
vt 0.334968 0.167928
vt 0.581633 0.215141
vt 0.357473 0.165748
vt 0.191142 0.253195
vt 0.450482 0.256116
vt 0.253674 0.265985
vt 0.125053 0.225832
vt 0.155699 0.237812
vt 0.294144 0.270379
vt 0.310894 0.266927
vt 0.395697 0.278806
vt 0.408092 0.267288
vt 0.424469 0.275172
vt 0.460317 0.277612
vt 0.064382 0.212000
vt 0.362467 0.274803
vt 0.342129 0.269384
vt 0.276613 0.272943
vt 0.328306 0.274054
vt 0.423966 0.288682
vt 0.303418 0.281136
vt 0.246279 0.272700
vt 0.090273 0.226182
vt 0.448651 0.290364
vt 0.124394 0.235888
vt 0.395540 0.290605
vt 0.423608 0.301846
vt 0.350500 0.285298
vt 0.146188 0.250326
vt 0.208901 0.266241
vt 0.448122 0.302713
vt 0.328449 0.289390
vt 0.395533 0.302255
vt 0.046386 0.219228
vt 0.190703 0.266211
vt 0.025283 0.208417
vt 0.482798 0.177261
vt 0.457515 0.156440
vt 0.483771 0.157281
vt 0.510140 0.156417
vt 0.540536 0.147227
vt 0.336892 0.153776
vt 0.432952 0.155846
vt 0.404485 0.155815
vt 0.359418 0.152490
vt 0.644407 0.103620
vt 0.709321 0.106171
vt 0.708627 0.118243
vt 0.644062 0.113410
vt 0.750205 0.108936
vt 0.749685 0.119866
vt 0.795448 0.106098
vt 0.644508 0.093925
vt 0.750235 0.098196
vt 0.622338 0.102580
vt 0.795337 0.093268
vt 0.709247 0.097618
vt 0.669010 0.087384
vt 0.709137 0.084787
vt 0.836273 0.090941
vt 0.836138 0.103867
vt 0.899978 0.084602
vt 0.884570 0.098809
vt 0.621946 0.085569
vt 0.604943 0.096887
vt 0.604484 0.086339
vt 0.859607 0.047893
vt 0.883749 0.060510
vt 0.834965 0.060341
vt 0.912420 0.050878
vt 0.800210 0.053721
vt 0.835810 0.072885
vt 0.884523 0.072008
vt 0.913828 0.071783
vt 0.930011 0.061078
vt 0.794100 0.063713
vt 0.801199 0.075863
vt 0.736156 0.062342
vt 0.749776 0.087648
vt 0.727017 0.074784
vt 0.708641 0.069962
vt 0.725924 0.054828
vt 0.668339 0.073699
vt 0.643908 0.081286
vt 0.667705 0.064292
vt 0.643133 0.069788
vt 0.747556 0.050967
vt 0.936183 0.076515
vt 0.958968 0.063135
vt 0.621171 0.074070
vt 0.940885 0.045618
vt 0.957949 0.051732
vt 0.656739 0.057065
vt 0.805445 0.041925
vt 0.858169 0.037727
vt 0.624864 0.062291
vt 0.746118 0.040801
vt 0.724627 0.046752
vt 0.665285 0.047000
vt 0.723014 0.037727
vt 0.898172 0.849156
vt 0.884365 0.839072
vt 0.899441 0.810294
vt 0.911287 0.815579
vt 0.905201 0.788473
vt 0.910832 0.842064
vt 0.917084 0.792299
vt 0.887643 0.807750
vt 0.886061 0.858307
vt 0.893624 0.878094
vt 0.903158 0.862485
vt 0.912989 0.865021
vt 0.902429 0.901492
vt 0.887570 0.911167
vt 0.878541 0.908416
vt 0.872312 0.865101
vt 0.876405 0.883669
vt 0.883579 0.930958
vt 0.893684 0.933071
vt 0.894171 0.783020
vt 0.871827 0.837724
vt 0.903380 0.939630
vt 0.915015 0.891360
vt 0.912166 0.913596
vt 0.916060 0.933588
vt 0.921273 0.849289
vt 0.918523 0.818750
vt 0.912607 0.780393
vt 0.923412 0.874095
vt 0.913430 0.958890
vt 0.909320 0.988061
vt 0.901405 0.976799
vt 0.927346 0.889156
vt 0.924606 0.911546
vt 0.904213 0.774240
vt 0.896008 0.772106
vt 0.931733 0.847503
vt 0.929536 0.818823
vt 0.919454 0.986718
vt 0.921001 0.781187
vt 0.925938 0.790773
vt 0.928706 0.956442
vt 0.934695 0.869920
vt 0.930276 0.930316
vt 0.938663 0.907233
vt 0.916538 0.767137
vt 0.934409 0.776714
vt 0.928046 0.772158
vt 0.938663 0.789454
vt 0.907308 0.763540
vt 0.885429 0.778924
vt 0.899236 0.760644
vt 0.932408 0.756985
vt 0.922186 0.750662
vt 0.912150 0.747784
vt 0.903383 0.746418
vt 0.582386 0.372019
vt 0.567070 0.369977
vt 0.574221 0.380087
vt 0.541899 0.359541
vt 0.545236 0.373442
vt 0.583613 0.363931
vt 0.591413 0.382940
vt 0.519895 0.358044
vt 0.595120 0.359693
vt 0.598594 0.374838
vt 0.569349 0.357923
vt 0.602787 0.391822
vt 0.544206 0.349474
vt 0.525158 0.348341
vt 0.490999 0.342768
vt 0.494314 0.353092
vt 0.473424 0.350341
vt 0.460749 0.340997
vt 0.459152 0.349773
vt 0.453165 0.340025
vt 0.451938 0.348685
vt 0.607487 0.361220
vt 0.492954 0.361362
vt 0.472124 0.358321
vt 0.518182 0.369435
vt 0.458266 0.356253
vt 0.611607 0.379226
vt 0.451014 0.355007
vt 0.462740 0.331398
vt 0.442202 0.346393
vt 0.442867 0.337095
vt 0.585772 0.352915
vt 0.571461 0.348636
vt 0.597226 0.346389
vt 0.492904 0.332779
vt 0.513222 0.339569
vt 0.533171 0.337776
vt 0.447566 0.329035
vt 0.616250 0.346023
vt 0.624640 0.369792
vt 0.633859 0.382815
vt 0.653535 0.374204
vt 0.646559 0.359755
vt 0.626223 0.358059
vt 0.659617 0.392923
vt 0.670668 0.379967
vt 0.664702 0.360777
vt 0.677436 0.394917
vt 0.686620 0.382453
vt 0.681680 0.368052
vt 0.698810 0.371135
vt 0.695266 0.395011
vt 0.712123 0.384450
vt 0.648856 0.397955
vt 0.624824 0.392621
vt 0.726904 0.372372
vt 0.716555 0.397720
vt 0.680774 0.404649
vt 0.714537 0.359633
vt 0.736236 0.385876
vt 0.666618 0.407521
vt 0.697075 0.355448
vt 0.583869 0.394864
vt 0.607970 0.401743
vt 0.552453 0.384137
vt 0.524669 0.378816
vt 0.699892 0.407122
vt 0.450235 0.360391
vt 0.457393 0.362709
vt 0.630491 0.403325
vt 0.491967 0.369495
vt 0.471280 0.365142
vt 0.441188 0.352976
vt 0.736401 0.396776
vt 0.746846 0.371694
vt 0.715921 0.408350
vt 0.679481 0.354261
vt 0.646944 0.410067
vt 0.751712 0.396033
vt 0.440369 0.358560
vt 0.738262 0.358243
vt 0.767475 0.382640
vt 0.490997 0.378666
vt 0.707453 0.347444
vt 0.767059 0.369895
vt 0.757591 0.358227
vt 0.725417 0.348271
vt 0.666637 0.347953
vt 0.643840 0.345367
vt 0.686549 0.340698
vt 0.628347 0.415657
vt 0.460751 0.371414
vt 0.681565 0.418684
vt 0.785214 0.368237
vt 0.433962 0.342733
vt 0.791127 0.380006
vt 0.777321 0.357849
vt 0.746158 0.343567
vt 0.767064 0.346572
vt 0.668811 0.332503
vt 0.809505 0.374179
vt 0.581292 0.342573
vt 0.814298 0.361193
vt 0.806356 0.350695
vt 0.706883 0.331490
vt 0.432687 0.351013
vt 0.645596 0.329035
vt 0.623391 0.330490
vt 0.448959 0.368860
vt 0.665132 0.420275
vt 0.523959 0.387360
vt 0.551633 0.392775
vt 0.571133 0.404667
vt 0.593305 0.408935
vt 0.644947 0.422746
vt 0.606310 0.411407
vt 0.543352 0.402815
vt 0.431429 0.357353
vt 0.438575 0.367454
vt 0.431998 0.330672
vt 0.597460 0.423754
vt 0.625786 0.429322
vt 0.576597 0.413962
vt 0.514387 0.395571
vt 0.490683 0.388273
vt 0.429948 0.365752
vt 0.458231 0.380118
vt 0.585789 0.420815
vt 0.447459 0.377968
vt 0.425973 0.340085
vt 0.436045 0.377886
vt 0.759597 0.958994
vt 0.759553 0.967107
vt 0.774700 0.959812
vt 0.722904 0.963392
vt 0.774204 0.951758
vt 0.759949 0.950962
vt 0.722636 0.952851
vt 0.695174 0.963220
vt 0.695679 0.955849
vt 0.670874 0.954461
vt 0.670254 0.962012
vt 0.651523 0.953308
vt 0.650733 0.960831
vt 0.670189 0.970682
vt 0.650766 0.969456
vt 0.631194 0.950975
vt 0.650402 0.978208
vt 0.773372 0.970260
vt 0.720452 0.972130
vt 0.695592 0.972168
vt 0.670725 0.979791
vt 0.690443 0.981150
vt 0.721180 0.980514
vt 0.760666 0.976619
vt 0.629019 0.964778
vt 0.629518 0.975451
vt 0.785094 0.960575
vt 0.784271 0.969294
vt 0.785323 0.952941
vt 0.651748 0.987061
vt 0.776998 0.979244
vt 0.672230 0.989361
vt 0.697880 0.990992
vt 0.762737 0.987420
vt 0.725907 0.990928
vt 0.654468 0.998567
vt 0.788917 0.982000
vt 0.672133 0.945562
vt 0.652378 0.944291
vt 0.634531 0.940306
vt 0.696920 0.946604
vt 0.725012 0.941461
vt 0.764631 0.940730
vt 0.779195 0.940306
vt 0.097258 0.851386
vt 0.086309 0.856466
vt 0.096866 0.857341
vt 0.086654 0.850594
vt 0.085747 0.864666
vt 0.096440 0.865355
vt 0.107364 0.858412
vt 0.107905 0.852147
vt 0.097822 0.844315
vt 0.108830 0.844523
vt 0.087003 0.843293
vt 0.074430 0.855756
vt 0.074696 0.849606
vt 0.073976 0.863909
vt 0.074623 0.840817
vt 0.062595 0.855635
vt 0.062851 0.847866
vt 0.063138 0.864576
vt 0.084854 0.875358
vt 0.096440 0.875168
vt 0.072099 0.874128
vt 0.105830 0.867357
vt 0.087401 0.833333
vt 0.099002 0.834460
vt 0.059645 0.833333
vt 0.118866 0.853349
vt 0.117464 0.860081
vt 0.114861 0.868786
f 620/627 626/633 568/575
f 620/627 568/575 619/626
f 620/627 621/628 626/633
f 620/627 619/626 617/624
f 620/627 617/624 621/628
f 568/575 626/633 569/576
f 568/575 564/571 619/626
f 568/575 569/576 562/569
f 568/575 562/569 564/571
f 626/633 641/648 569/576
f 626/633 644/651 641/648
f 626/633 621/628 644/651
f 619/626 614/621 617/624
f 619/626 564/571 566/573
f 619/626 566/573 614/621
f 641/648 652/659 569/576
f 641/648 644/651 645/652
f 641/648 645/652 652/659
f 569/576 570/577 562/569
f 569/576 652/659 570/577
f 617/624 622/629 621/628
f 617/624 614/621 616/623
f 617/624 616/623 622/629
f 621/628 653/660 644/651
f 621/628 622/629 686/693
f 621/628 686/693 653/660
f 564/571 565/572 566/573
f 564/571 562/569 556/563
f 564/571 556/563 565/572
f 644/651 654/661 645/652
f 644/651 653/660 654/661
f 614/621 566/573 615/622
f 614/621 615/622 613/620
f 614/621 613/620 616/623
f 566/573 567/574 615/622
f 566/573 565/572 567/574
f 562/569 570/577 563/570
f 562/569 560/567 556/563
f 562/569 563/570 560/567
f 645/652 671/678 652/659
f 645/652 654/661 655/662
f 645/652 655/662 658/665
f 645/652 658/665 671/678
f 652/659 575/582 570/577
f 652/659 671/678 575/582
f 615/622 567/574 608/615
f 615/622 608/615 606/613
f 615/622 606/613 613/620
f 570/577 575/582 574/581
f 570/577 574/581 563/570
f 608/615 567/574 559/566
f 608/615 607/614 606/613
f 608/615 559/566 607/614
f 616/623 677/684 622/629
f 616/623 613/620 662/669
f 616/623 662/669 677/684
f 567/574 565/572 551/558
f 567/574 551/558 559/566
f 622/629 687/694 686/693
f 622/629 677/684 687/694
f 565/572 556/563 551/558
f 653/660 660/667 654/661
f 653/660 686/693 688/695
f 653/660 688/695 660/667
f 654/661 656/663 655/662
f 654/661 660/667 656/663
f 655/662 657/664 658/665
f 655/662 656/663 657/664
f 671/678 658/665 582/589
f 671/678 582/589 575/582
f 658/665 657/664 585/592
f 658/665 585/592 582/589
f 607/614 559/566 558/565
f 607/614 558/565 618/625
f 607/614 603/610 606/613
f 607/614 618/625 603/610
f 613/620 606/613 609/616
f 613/620 609/616 662/669
f 656/663 659/666 657/664
f 656/663 660/667 673/680
f 656/663 673/680 659/666
f 575/582 582/589 580/587
f 575/582 580/587 574/581
f 657/664 659/666 589/596
f 657/664 589/596 585/592
f 558/565 559/566 548/555
f 558/565 557/564 618/625
f 558/565 548/555 557/564
f 606/613 603/610 605/612
f 606/613 605/612 609/616
f 559/566 551/558 548/555
f 556/563 552/559 551/558
f 556/563 560/567 552/559
f 563/570 574/581 572/579
f 563/570 572/579 560/567
f 603/610 618/625 610/617
f 603/610 610/617 604/611
f 603/610 604/611 605/612
f 618/625 557/564 610/617
f 551/558 541/548 548/555
f 551/558 552/559 541/548
f 686/693 687/694 716/723
f 686/693 716/723 688/695
f 660/667 688/695 690/697
f 660/667 690/697 673/680
f 659/666 691/698 589/596
f 659/666 673/680 674/681
f 659/666 674/681 683/690
f 659/666 683/690 691/698
f 582/589 585/592 584/591
f 582/589 583/590 580/587
f 582/589 584/591 583/590
f 585/592 589/596 588/595
f 585/592 588/595 584/591
f 610/617 557/564 547/554
f 610/617 611/618 604/611
f 610/617 547/554 555/562
f 610/617 555/562 611/618
f 609/616 605/612 676/683
f 609/616 703/710 662/669
f 609/616 676/683 703/710
f 677/684 662/669 724/731
f 677/684 802/809 687/694
f 677/684 724/731 802/809
f 574/581 580/587 581/588
f 574/581 466/473 572/579
f 574/581 581/588 466/473
f 605/612 604/611 675/682
f 605/612 675/682 676/683
f 557/564 548/555 546/553
f 557/564 528/535 547/554
f 557/564 546/553 528/535
f 662/669 703/710 724/731
f 548/555 540/547 546/553
f 548/555 541/548 540/547
f 589/596 691/698 591/598
f 589/596 591/598 588/595
f 604/611 611/618 612/619
f 604/611 612/619 664/671
f 604/611 664/671 675/682
f 687/694 810/817 716/723
f 687/694 802/809 810/817
f 688/695 716/723 707/714
f 688/695 707/714 690/697
f 560/567 561/568 552/559
f 560/567 572/579 561/568
f 673/680 689/696 674/681
f 673/680 690/697 689/696
f 580/587 583/590 581/588
f 547/554 530/537 555/562
f 547/554 528/535 530/537
f 552/559 542/549 541/548
f 552/559 561/568 542/549
f 674/681 695/702 683/690
f 674/681 689/696 695/702
f 691/698 683/690 699/706
f 691/698 699/706 591/598
f 611/618 623/630 612/619
f 611/618 554/561 623/630
f 611/618 555/562 554/561
f 546/553 529/536 528/535
f 546/553 540/547 529/536
f 541/548 542/549 457/464
f 541/548 457/464 540/547
f 623/630 624/631 612/619
f 623/630 625/632 624/631
f 623/630 554/561 625/632
f 612/619 624/631 665/672
f 612/619 665/672 664/671
f 555/562 538/545 554/561
f 555/562 530/537 538/545
f 676/683 675/682 722/729
f 676/683 781/788 703/710
f 676/683 722/729 781/788
f 528/535 522/529 530/537
f 528/535 529/536 524/531
f 528/535 524/531 522/529
f 572/579 465/472 561/568
f 572/579 466/473 465/472
f 581/588 583/590 470/477
f 581/588 467/474 466/473
f 581/588 470/477 467/474
f 683/690 700/707 699/706
f 683/690 695/702 696/703
f 683/690 696/703 700/707
f 584/591 472/479 583/590
f 584/591 588/595 474/481
f 584/591 474/481 472/479
f 625/632 646/653 624/631
f 625/632 554/561 553/560
f 625/632 553/560 545/552
f 625/632 628/635 646/653
f 625/632 627/634 628/635
f 625/632 545/552 627/634
f 624/631 646/653 681/688
f 624/631 681/688 665/672
f 554/561 537/544 553/560
f 554/561 538/545 537/544
f 664/671 697/704 675/682
f 664/671 665/672 697/704
f 675/682 697/704 721/728
f 675/682 721/728 722/729
f 716/723 811/818 707/714
f 716/723 810/817 811/818
f 561/568 463/470 542/549
f 561/568 465/472 463/470
f 690/697 706/713 689/696
f 690/697 707/714 706/713
f 583/590 472/479 470/477
f 591/598 595/602 588/595
f 591/598 699/706 731/738
f 591/598 596/603 595/602
f 591/598 731/738 596/603
f 588/595 595/602 474/481
f 553/560 537/544 545/552
f 703/710 814/821 724/731
f 703/710 781/788 814/821
f 724/731 822/829 802/809
f 724/731 814/821 822/829
f 542/549 458/465 457/464
f 542/549 463/470 458/465
f 689/696 717/724 695/702
f 689/696 706/713 717/724
f 699/706 700/707 731/738
f 628/635 661/668 646/653
f 628/635 627/634 629/636
f 628/635 629/636 661/668
f 646/653 692/699 681/688
f 646/653 661/668 692/699
f 530/537 523/530 538/545
f 530/537 522/529 523/530
f 529/536 540/547 531/538
f 529/536 531/538 524/531
f 802/809 821/828 810/817
f 802/809 822/829 821/828
f 540/547 457/464 531/538
f 466/473 464/471 465/472
f 466/473 467/474 464/471
f 627/634 545/552 544/551
f 627/634 630/637 629/636
f 627/634 544/551 630/637
f 545/552 537/544 536/543
f 545/552 535/542 544/551
f 545/552 536/543 535/542
f 538/545 523/530 537/544
f 665/672 681/688 711/718
f 665/672 711/718 697/704
f 707/714 788/795 706/713
f 707/714 811/818 788/795
f 629/636 630/637 649/656
f 629/636 668/675 661/668
f 629/636 649/656 668/675
f 537/544 521/528 536/543
f 537/544 523/530 521/528
f 681/688 692/699 712/719
f 681/688 712/719 711/718
f 695/702 720/727 696/703
f 695/702 717/724 720/727
f 630/637 631/638 632/639
f 630/637 632/639 647/654
f 630/637 544/551 631/638
f 630/637 647/654 649/656
f 661/668 704/711 692/699
f 661/668 668/675 704/711
f 697/704 733/740 721/728
f 697/704 711/718 733/740
f 722/729 721/728 807/814
f 722/729 807/814 781/788
f 522/529 524/531 519/526
f 522/529 516/523 523/530
f 522/529 519/526 516/523
f 457/464 458/465 448/455
f 457/464 450/457 531/538
f 457/464 448/455 450/457
f 465/472 460/467 463/470
f 465/472 464/471 460/467
f 632/639 631/638 636/643
f 632/639 636/643 633/640
f 632/639 633/640 639/646
f 632/639 639/646 647/654
f 631/638 544/551 543/550
f 631/638 543/550 636/643
f 544/551 527/534 543/550
f 544/551 535/542 527/534
f 536/543 521/528 518/525
f 536/543 518/525 535/542
f 810/817 820/827 811/818
f 810/817 821/828 820/827
f 463/470 449/456 458/465
f 463/470 460/467 449/456
f 706/713 777/784 717/724
f 706/713 788/795 777/784
f 696/703 710/717 700/707
f 696/703 719/726 710/717
f 696/703 720/727 719/726
f 700/707 726/733 731/738
f 700/707 710/717 726/733
f 596/603 597/604 595/602
f 596/603 731/738 597/604
f 633/640 636/643 634/641
f 633/640 634/641 635/642
f 633/640 635/642 639/646
f 636/643 539/546 634/641
f 636/643 543/550 539/546
f 692/699 704/711 725/732
f 692/699 725/732 712/719
f 524/531 531/538 525/532
f 524/531 445/452 519/526
f 524/531 525/532 445/452
f 458/465 449/456 448/455
f 470/477 472/479 471/478
f 470/477 469/476 467/474
f 470/477 471/478 469/476
f 595/602 601/608 474/481
f 595/602 597/604 601/608
f 635/642 634/641 637/644
f 635/642 640/647 639/646
f 635/642 638/645 640/647
f 635/642 637/644 638/645
f 634/641 539/546 549/556
f 634/641 549/556 637/644
f 639/646 672/679 647/654
f 639/646 640/647 669/676
f 639/646 670/677 672/679
f 639/646 669/676 670/677
f 543/550 527/534 539/546
f 647/654 684/691 649/656
f 647/654 672/679 684/691
f 649/656 684/691 668/675
f 668/675 714/721 704/711
f 668/675 684/691 715/722
f 668/675 715/722 714/721
f 521/528 523/530 511/518
f 521/528 511/518 518/525
f 523/530 516/523 511/518
f 721/728 733/740 808/815
f 721/728 808/815 807/814
f 531/538 450/457 525/532
f 731/738 791/798 597/604
f 731/738 726/733 791/798
f 472/479 474/481 473/480
f 472/479 473/480 471/478
f 474/1503 601/1488 475/1482
f 474/481 475/482 473/480
f 640/647 651/658 669/676
f 640/647 638/645 651/658
f 535/542 517/524 527/534
f 535/542 518/525 517/524
f 711/718 712/719 734/741
f 711/718 734/741 733/740
f 781/788 852/859 814/821
f 781/788 807/814 852/859
f 811/818 820/827 788/795
f 717/724 787/794 720/727
f 717/724 777/784 787/794
f 464/471 467/474 468/475
f 464/471 461/468 460/467
f 464/471 468/475 461/468
f 539/546 527/534 520/527
f 539/546 520/527 534/541
f 539/546 534/541 549/556
f 704/711 786/793 725/732
f 704/711 714/721 786/793
f 712/719 725/732 799/806
f 712/719 799/806 734/741
f 822/829 814/821 854/861
f 822/1127 1048/1113 821/1128
f 822/1127 854/1114 1048/1113
f 467/474 469/476 468/475
f 527/534 517/524 508/515
f 527/534 508/515 520/527
f 518/525 513/520 517/524
f 518/525 511/518 512/519
f 518/525 512/519 513/520
f 519/526 515/522 516/523
f 519/526 445/452 515/522
f 814/821 852/859 854/861
f 821/1128 1050/1119 820/1126
f 821/1128 1048/1113 1050/1119
f 460/467 455/462 449/456
f 460/467 461/468 455/462
f 670/677 713/720 672/679
f 670/677 669/676 694/701
f 670/677 694/701 713/720
f 672/679 718/725 684/691
f 672/679 713/720 718/725
f 710/717 727/734 726/733
f 710/717 719/726 727/734
f 597/1498 1305/1486 601/1488
f 597/1498 791/1505 1306/1487
f 597/1498 1306/1487 1305/1486
f 669/676 651/658 682/689
f 669/676 682/689 694/701
f 684/691 718/725 715/722
f 517/524 513/520 508/515
f 516/523 506/513 511/518
f 516/523 515/522 506/513
f 788/795 818/825 777/784
f 788/795 820/827 834/841
f 788/795 834/841 818/825
f 720/727 785/792 719/726
f 720/727 787/794 785/792
f 726/733 797/804 791/798
f 726/733 727/734 797/804
f 638/645 637/644 642/649
f 638/645 650/657 651/658
f 638/645 643/650 650/657
f 638/645 642/649 643/650
f 637/644 549/556 571/578
f 637/644 571/578 642/649
f 520/527 514/521 534/541
f 520/527 508/515 500/507
f 520/527 500/507 514/521
f 725/732 786/793 799/806
f 511/518 507/514 512/519
f 511/518 506/513 507/514
f 525/532 450/457 440/447
f 525/532 440/447 445/452
f 471/1496 473/1485 1301/1479
f 471/1496 1304/1484 469/1497
f 471/1496 1301/1479 1304/1484
f 601/1488 1286/1460 475/1482
f 601/1488 1305/1486 1298/1475
f 601/1488 1298/1475 1286/1460
f 549/556 534/541 526/533
f 549/556 526/533 532/539
f 549/556 532/539 571/578
f 651/658 650/657 685/692
f 651/658 698/705 682/689
f 651/658 685/692 698/705
f 714/721 715/722 783/790
f 714/721 809/816 786/793
f 714/721 783/790 809/816
f 733/740 734/741 828/835
f 733/740 828/835 808/815
f 450/457 448/455 443/450
f 450/457 443/450 440/447
f 448/455 449/456 444/451
f 448/455 444/451 443/450
f 449/456 455/462 446/453
f 449/456 446/453 444/451
f 791/1505 797/1506 1306/1487
f 650/657 666/673 685/692
f 650/657 643/650 666/673
f 534/541 514/521 526/533
f 508/515 513/520 499/506
f 508/515 499/506 500/507
f 715/722 718/725 735/742
f 715/722 735/742 783/790
f 512/519 503/510 513/520
f 512/519 507/514 503/510
f 777/784 818/825 787/794
f 461/468 468/475 462/469
f 461/468 456/463 455/462
f 461/468 462/469 456/463
f 473/1485 475/1482 1283/1457
f 473/1485 1283/1457 1301/1479
f 475/1482 1286/1460 1283/1457
f 682/689 729/736 694/701
f 682/689 698/705 729/736
f 807/814 808/815 853/860
f 807/814 853/860 852/859
f 445/452 441/448 515/522
f 445/452 440/447 436/443
f 445/452 436/443 441/448
f 719/726 730/737 727/734
f 719/726 785/792 736/743
f 719/726 736/743 730/737
f 469/476 462/469 468/475
f 469/1497 1304/1484 1311/1495
f 469/1497 1311/1495 462/1502
f 694/701 780/787 713/720
f 694/701 729/736 780/787
f 820/827 843/850 834/841
f 820/1126 1050/1119 1051/1120
f 820/1126 1051/1120 843/1122
f 713/720 782/789 718/725
f 713/720 780/787 782/789
f 718/725 782/789 735/742
f 513/520 504/511 499/506
f 513/520 503/510 504/511
f 786/793 838/845 799/806
f 786/793 809/816 836/843
f 786/793 836/843 838/845
f 734/741 799/806 839/846
f 734/741 839/846 828/835
f 515/522 505/512 506/513
f 515/522 441/448 505/512
f 808/1283 828/1282 855/1124
f 808/815 855/862 853/860
f 455/462 451/458 446/453
f 455/462 456/463 451/458
f 727/734 768/775 797/804
f 727/734 730/737 768/775
f 514/521 509/516 526/533
f 514/521 500/507 488/495
f 514/521 488/495 509/516
f 526/533 509/516 532/539
f 685/692 728/735 698/705
f 685/692 666/673 701/708
f 685/692 701/708 728/735
f 698/705 732/739 729/736
f 698/705 728/735 732/739
f 799/806 838/845 839/846
f 440/447 443/450 439/446
f 440/447 439/446 436/443
f 787/794 818/825 832/839
f 787/794 819/826 785/792
f 787/794 832/839 833/840
f 787/794 833/840 819/826
f 1305/1486 1272/1445 1298/1475
f 1305/1486 1306/1487 1268/1441
f 1305/1486 1268/1441 1272/1445
f 506/513 502/509 507/514
f 506/513 505/512 502/509
f 834/841 844/851 818/825
f 834/841 843/850 844/851
f 797/1506 804/1437 1306/1487
f 797/804 768/775 804/811
f 1286/1460 1298/1475 1275/1448
f 1286/1460 1276/1449 1283/1457
f 1286/1460 1275/1448 1276/1449
f 500/507 499/506 485/492
f 500/507 485/492 488/495
f 507/514 501/508 503/510
f 507/514 502/509 501/508
f 854/1114 852/1116 1044/1107
f 854/1114 1043/1106 1048/1113
f 854/1114 1044/1107 1043/1106
f 1301/1479 1297/1473 1304/1484
f 1301/1479 1283/1457 1281/1454
f 1301/1479 1281/1454 1297/1473
f 1298/1475 1272/1445 1275/1448
f 642/649 648/655 643/650
f 642/649 571/578 573/580
f 642/649 573/580 648/655
f 666/673 643/650 667/674
f 666/673 667/674 701/708
f 729/736 816/823 780/787
f 729/736 732/739 816/823
f 499/506 504/511 487/494
f 499/506 486/493 485/492
f 499/506 487/494 486/493
f 735/742 827/834 783/790
f 735/742 782/789 827/834
f 783/790 826/833 809/816
f 783/790 827/834 826/833
f 809/816 837/844 836/843
f 809/816 826/833 837/844
f 852/1116 853/1117 1047/1112
f 852/1116 1047/1112 1044/1107
f 443/450 444/451 438/445
f 443/450 438/445 439/446
f 818/825 844/851 832/839
f 1304/1484 1303/1483 1311/1495
f 1304/1484 1297/1473 1303/1483
f 1283/1457 1276/1449 1281/1454
f 1306/1487 804/1437 1269/1442
f 1306/1487 1269/1442 1268/1441
f 643/650 663/670 667/674
f 643/650 648/655 663/670
f 571/578 532/539 550/557
f 571/578 550/557 573/580
f 532/539 509/516 533/540
f 532/539 533/540 550/557
f 503/510 487/494 504/511
f 503/510 501/508 491/498
f 503/510 489/496 487/494
f 503/510 491/498 489/496
f 444/451 446/453 442/449
f 444/451 437/444 438/445
f 444/451 442/449 437/444
f 446/453 451/458 442/449
f 456/463 462/469 459/466
f 456/463 459/466 451/458
f 462/1502 1311/1495 1309/1492
f 462/1502 1309/1492 459/1501
f 780/787 816/823 782/789
f 785/792 784/791 736/743
f 785/792 819/826 784/791
f 1311/1495 1303/1483 1309/1492
f 782/789 816/823 823/830
f 782/789 823/830 827/834
f 505/512 441/448 434/441
f 505/512 498/505 502/509
f 505/512 434/441 498/505
f 441/448 436/443 430/437
f 441/448 430/437 434/441
f 1050/1119 1042/1105 1051/1120
f 1050/1119 1048/1113 1042/1105
f 667/674 709/716 701/708
f 667/674 663/670 693/700
f 667/674 693/700 709/716
f 728/735 701/708 793/800
f 728/735 793/800 732/739
f 736/743 737/744 730/737
f 736/743 784/791 737/744
f 730/737 739/746 768/775
f 730/737 738/745 739/746
f 730/737 737/744 738/745
f 701/708 709/716 792/799
f 701/708 792/799 793/800
f 732/739 824/831 816/823
f 732/739 793/800 824/831
f 828/1282 839/1281 1173/1279
f 828/1282 1173/1279 855/1124
f 436/443 439/446 431/438
f 436/443 427/434 430/437
f 436/443 431/438 427/434
f 1051/1120 1039/1102 843/1122
f 1051/1120 1042/1105 1039/1102
f 509/516 510/517 533/540
f 509/516 488/495 490/497
f 509/516 490/497 510/517
f 501/508 502/509 495/502
f 501/508 495/502 491/498
f 853/1117 855/1124 1052/1123
f 853/1117 1049/1118 1047/1112
f 853/1117 1052/1123 1049/1118
f 768/775 771/778 804/811
f 768/775 739/746 771/778
f 1272/1445 1268/1441 1267/1440
f 1272/1445 1271/1444 1275/1448
f 1272/1445 1267/1440 1271/1444
f 550/557 576/583 573/580
f 550/557 533/540 577/584
f 550/557 577/584 576/583
f 839/1281 838/1280 1173/1279
f 843/1122 1037/1100 844/1121
f 843/1122 1039/1102 1037/1100
f 832/1125 844/1121 1046/1111
f 832/1125 1046/1111 833/1115
f 819/826 829/836 784/791
f 819/826 833/840 829/836
f 754/761 756/763 757/764
f 754/761 755/762 756/763
f 754/761 757/764 765/772
f 754/761 765/772 752/759
f 754/761 752/759 753/760
f 754/761 753/760 755/762
f 648/655 573/580 578/585
f 648/655 678/685 663/670
f 648/655 578/585 678/685
f 573/580 576/583 578/585
f 533/540 600/607 577/584
f 533/540 510/517 600/607
f 488/495 485/492 484/491
f 488/495 484/491 490/497
f 485/492 486/493 480/487
f 485/492 480/487 484/491
f 838/1280 836/1285 1150/1241
f 838/1280 1148/1239 1173/1279
f 838/1280 1150/1241 1148/1239
f 502/509 497/504 495/502
f 502/509 498/505 497/504
f 1048/1113 1040/1103 1042/1105
f 1048/1113 1043/1106 1040/1103
f 439/446 438/445 433/440
f 439/446 433/440 431/438
f 804/1437 771/1432 1256/1420
f 804/1437 1256/1420 1269/1442
f 756/763 758/765 757/764
f 756/763 755/762 760/767
f 756/763 759/766 758/765
f 756/763 760/767 759/766
f 757/764 790/797 765/772
f 757/764 758/765 775/782
f 757/764 775/782 790/797
f 486/493 487/494 476/483
f 486/493 476/483 480/487
f 836/1285 837/1286 1150/1241
f 438/445 437/444 432/439
f 438/445 432/439 433/440
f 451/458 447/454 442/449
f 451/458 459/466 454/461
f 451/458 454/461 447/454
f 1268/1441 1269/1442 1265/1438
f 1268/1441 1265/1438 1267/1440
f 752/759 765/772 772/779
f 752/759 750/757 753/760
f 752/759 751/758 750/757
f 752/759 772/779 751/758
f 1275/1448 1274/1447 1276/1449
f 1275/1448 1271/1444 1274/1447
f 765/772 790/797 772/779
f 663/670 679/686 693/700
f 663/670 678/685 679/686
f 816/823 845/852 823/830
f 816/823 824/831 845/852
f 487/494 489/496 483/490
f 487/494 482/489 476/483
f 487/494 483/490 482/489
f 489/496 491/498 483/490
f 844/1121 1037/1100 1046/1111
f 442/449 435/442 437/444
f 442/449 447/454 435/442
f 459/1501 1309/1492 924/1499
f 459/965 924/936 454/946
f 738/745 740/747 739/746
f 738/745 741/748 740/747
f 738/745 737/744 766/773
f 738/745 766/773 741/748
f 1303/1483 1297/1473 925/1480
f 1303/1483 925/1480 1309/1492
f 740/747 770/777 739/746
f 740/747 741/748 742/749
f 740/747 742/749 746/753
f 740/747 746/753 770/777
f 739/746 770/777 771/778
f 1297/1473 1281/1454 1284/1458
f 1297/1473 1284/1458 925/1480
f 755/762 753/760 769/776
f 755/762 773/780 760/767
f 755/762 769/776 773/780
f 753/760 750/757 764/771
f 753/760 764/771 769/776
f 750/757 751/758 749/756
f 750/757 749/756 747/754
f 750/757 747/754 764/771
f 1281/1454 1276/1449 1278/1451
f 1281/1454 1278/1451 1284/1458
f 1276/1449 1274/1447 1278/1451
f 751/758 762/769 749/756
f 751/758 772/779 817/824
f 751/758 817/824 762/769
f 758/765 759/766 761/768
f 758/765 806/813 775/782
f 758/765 761/768 806/813
f 693/700 708/715 709/716
f 693/700 679/686 708/715
f 709/716 795/802 792/799
f 709/716 708/715 795/802
f 837/1286 826/1287 1154/1245
f 837/1286 1154/1245 1151/1242
f 837/1286 1151/1242 1150/1241
f 784/791 779/786 737/744
f 784/791 829/836 779/786
f 737/744 779/786 766/773
f 1309/1492 933/1494 924/1499
f 1309/1492 925/1480 933/1494
f 741/748 743/750 742/749
f 741/748 767/774 743/750
f 741/748 766/773 767/774
f 742/749 745/752 746/753
f 742/749 744/751 745/752
f 742/749 743/750 744/751
f 749/756 745/752 744/751
f 749/756 762/769 745/752
f 749/756 744/751 747/754
f 745/752 789/796 746/753
f 745/752 762/769 789/796
f 823/830 856/863 827/834
f 823/830 845/852 856/863
f 826/1287 827/1284 1154/1245
f 855/1124 1173/1279 1052/1123
f 760/767 763/770 759/766
f 760/767 773/780 763/770
f 746/753 805/812 770/777
f 746/753 789/796 805/812
f 759/766 794/801 761/768
f 759/766 763/770 794/801
f 772/1433 790/1427 1249/1413
f 772/1433 1249/1413 817/1434
f 790/1427 775/1436 1254/1418
f 790/1427 1252/1416 1249/1413
f 790/1427 1254/1418 1252/1416
f 434/441 430/437 422/429
f 434/441 422/429 498/505
f 744/751 743/750 747/754
f 747/754 743/750 748/755
f 747/754 748/755 764/771
f 770/1500 1264/1430 771/1432
f 770/1500 805/1431 1264/1430
f 771/1432 1264/1430 1244/1407
f 771/1432 1244/1407 1256/1420
f 1269/1442 1256/1420 1265/1438
f 762/769 825/832 789/796
f 762/1435 817/1434 1248/1412
f 762/1435 1248/1412 825/1411
f 775/782 806/813 840/847
f 775/1436 840/1429 1254/1418
f 793/800 792/799 831/838
f 793/800 851/858 824/831
f 793/800 831/838 851/858
f 491/498 495/502 493/500
f 491/498 492/499 483/490
f 491/498 493/500 492/499
f 833/1115 1046/1111 1041/1104
f 833/1115 1041/1104 829/1109
f 743/750 767/774 776/783
f 743/750 776/783 748/755
f 764/771 774/781 769/776
f 764/771 748/755 774/781
f 789/796 825/832 805/812
f 761/768 812/819 806/813
f 761/768 794/801 812/819
f 576/583 577/584 594/601
f 576/583 579/586 578/585
f 576/583 594/601 579/586
f 577/1387 600/1386 1230/1376
f 577/1387 1229/1375 594/1385
f 577/1387 1230/1376 1229/1375
f 792/799 795/802 830/837
f 792/799 830/837 831/838
f 827/1284 856/1163 1152/1243
f 827/1284 1152/1243 1154/1245
f 430/437 427/434 428/435
f 430/437 428/435 422/429
f 1042/1105 1036/1099 1039/1102
f 1042/1105 1040/1103 1036/1099
f 437/444 435/442 432/439
f 769/776 774/781 773/780
f 817/1434 1249/1413 1248/1412
f 679/686 678/685 680/687
f 679/686 705/712 708/715
f 679/686 680/687 705/712
f 510/1384 1223/1367 600/1386
f 510/1384 490/1381 1228/1372
f 510/1384 1228/1372 1223/1367
f 824/1160 1071/1159 845/1161
f 824/1160 851/1157 1071/1159
f 495/502 497/504 421/428
f 495/502 421/428 493/500
f 431/438 433/440 416/423
f 431/438 416/423 427/434
f 766/773 778/785 767/774
f 766/773 779/786 778/785
f 767/774 798/805 776/783
f 767/774 778/785 798/805
f 773/780 813/820 763/770
f 773/780 774/781 842/849
f 773/780 842/849 813/820
f 805/1431 1246/1409 1264/1430
f 805/1431 825/1411 1246/1409
f 678/685 578/585 587/594
f 678/685 592/599 680/687
f 678/685 587/594 592/599
f 578/585 579/586 586/593
f 578/585 586/593 587/594
f 498/505 419/426 497/504
f 498/505 422/429 419/426
f 1046/1111 1037/1100 1038/1101
f 1046/1111 1038/1101 1041/1104
f 748/755 800/807 774/781
f 748/755 776/783 800/807
f 763/770 841/848 794/801
f 763/770 813/820 841/848
f 708/715 801/808 795/802
f 708/715 705/712 801/808
f 600/1386 1223/1367 1230/1376
f 484/491 480/487 481/488
f 484/491 496/503 490/497
f 484/491 481/488 496/503
f 482/489 477/484 476/483
f 482/489 483/490 477/484
f 1039/1102 1030/1093 1037/1100
f 1039/1102 1036/1099 1030/1093
f 1264/1430 1241/1404 1244/1407
f 1264/1430 1246/1409 1241/1404
f 825/1411 1248/1412 1239/1402
f 825/1411 1239/1402 1246/1409
f 806/813 812/819 858/865
f 806/1518 1310/1493 840/1429
f 806/1518 858/1528 1310/1493
f 1249/1413 1243/1406 1248/1412
f 1249/1413 1252/1416 1251/1415
f 1249/1413 1251/1415 1250/1414
f 1249/1413 1250/1414 1243/1406
f 497/504 419/426 421/428
f 454/946 924/936 914/922
f 454/461 453/460 447/454
f 454/946 914/922 453/919
f 779/786 846/853 778/785
f 779/786 829/836 846/853
f 774/781 800/807 848/855
f 774/781 848/855 842/849
f 794/1596 1354/1582 812/1597
f 794/1596 841/1588 1355/1584
f 794/1596 1355/1584 1354/1582
f 1267/1440 1270/1443 1271/1444
f 1267/1440 1265/1438 1266/1439
f 1267/1440 1266/1439 1270/1443
f 1248/1412 1243/1406 1239/1402
f 812/1597 1354/1582 858/1583
f 840/1429 1263/1428 1254/1418
f 840/1429 1310/1493 1263/1428
f 1252/1416 1254/1418 1253/1417
f 1252/1416 1253/1417 1251/1415
f 1254/1418 1263/1428 1255/1419
f 1254/1418 1255/1419 1253/1417
f 480/487 476/483 478/485
f 480/487 478/485 481/488
f 476/483 477/484 478/485
f 483/490 492/499 494/501
f 483/490 426/433 477/484
f 483/490 494/501 426/433
f 433/440 432/439 417/424
f 433/440 417/424 416/423
f 924/936 933/951 901/908
f 924/936 901/908 914/922
f 776/783 798/805 850/857
f 776/783 850/857 800/807
f 1256/1420 1244/1407 1245/1408
f 1256/1420 1261/1425 1265/1438
f 1256/1420 1245/1408 1261/1425
f 680/687 702/709 705/712
f 680/687 592/599 702/709
f 490/1381 496/1373 1228/1372
f 845/1161 1072/1162 856/1163
f 845/1161 1071/1159 1072/1162
f 1037/1100 1031/1094 1038/1101
f 1037/1100 1030/1093 1031/1094
f 447/454 452/459 435/442
f 447/454 453/460 452/459
f 778/785 849/856 798/805
f 778/785 846/853 849/856
f 925/937 893/900 933/951
f 925/1480 1284/1458 894/1477
f 925/937 894/901 893/900
f 1244/1407 1241/1404 1236/1399
f 1244/1407 1236/1399 1245/1408
f 1278/1451 1274/1447 1277/1450
f 1278/1451 923/1455 1284/1458
f 1278/1451 1277/1450 923/1455
f 1274/1447 1271/1444 1273/1446
f 1274/1447 1273/1446 1277/1450
f 1271/1444 1270/1443 1273/1446
f 579/586 594/601 599/606
f 579/586 599/606 586/593
f 795/802 835/842 830/837
f 795/802 801/808 835/842
f 856/1163 1147/1238 1152/1243
f 856/1163 1072/1162 1147/1238
f 1047/1112 1045/1108 1044/1107
f 1047/1112 1049/1118 1045/1108
f 1044/1107 1032/1095 1043/1106
f 1044/1107 1045/1108 1032/1095
f 427/434 406/411 428/435
f 427/434 416/423 406/411
f 1040/1103 1043/1106 1028/1091
f 1040/1103 1027/1090 1036/1099
f 1040/1103 1028/1091 1027/1090
f 432/439 435/442 429/436
f 432/439 429/436 417/424
f 435/442 452/459 429/436
f 829/1109 1041/1104 1034/1097
f 829/1109 1034/1097 846/1110
f 933/951 893/900 901/908
f 813/1573 842/1572 1325/1534
f 813/1598 1345/1590 841/1588
f 813/1573 1325/1534 1345/1558
f 1284/1458 922/1472 894/1477
f 1284/1458 923/1455 922/1472
f 1246/1409 1237/1400 1241/1404
f 1246/1409 1239/1402 1237/1400
f 1265/1438 1261/1425 1266/1439
f 705/712 796/803 801/808
f 705/712 702/709 796/803
f 1154/1245 1135/1226 1151/1242
f 1154/1245 1152/1243 1145/1236
f 1154/1245 1145/1236 1135/1226
f 1043/1106 1032/1095 1028/1091
f 798/805 849/856 850/857
f 800/807 850/857 860/867
f 800/807 860/867 848/855
f 842/1572 848/1571 1326/1535
f 842/1572 1326/1535 1325/1534
f 594/1385 1229/1375 1227/1371
f 594/1385 1227/1371 599/1379
f 851/1157 831/1155 1069/1156
f 851/1157 1070/1158 1071/1159
f 851/1157 1069/1156 1070/1158
f 1151/1242 1136/1227 1150/1241
f 1151/1242 1135/1226 1136/1227
f 492/499 493/500 494/501
f 1173/1279 1140/1231 1052/1123
f 1173/1279 1148/1239 1140/1231
f 422/429 428/435 407/412
f 422/429 411/417 419/426
f 422/429 408/413 411/417
f 422/429 407/412 408/413
f 1230/1376 1221/1365 1229/1375
f 1230/1376 1223/1367 1222/1366
f 1230/1376 1222/1366 1221/1365
f 1241/1404 1237/1400 1236/1399
f 1229/1375 1221/1365 1227/1371
f 831/1155 830/1154 1068/1153
f 831/1155 1068/1153 1069/1156
f 481/1342 1208/1340 496/1341
f 481/1342 478/1339 1208/1340
f 1071/1159 1070/1158 1141/1232
f 1071/1159 1144/1235 1072/1162
f 1071/1159 1141/1232 1144/1235
f 1150/1241 1136/1227 1148/1239
f 493/500 421/428 415/422
f 493/500 415/422 494/501
f 428/435 406/411 407/412
f 1041/1104 1038/1101 1033/1096
f 1041/1104 1033/1096 1034/1097
f 850/857 849/856 859/866
f 850/857 859/866 860/867
f 848/1571 860/1570 1327/1536
f 848/1571 1327/1536 1326/1535
f 841/1588 1357/1586 1355/1584
f 841/1588 1345/1590 1357/1586
f 1239/1402 1243/1406 1240/1403
f 1239/1402 1240/1403 1237/1400
f 1250/1414 1251/1415 1257/1421
f 1250/1414 1257/1421 1243/1406
f 1310/1493 858/1528 1312/1504
f 1310/1493 1312/1504 1263/1428
f 1251/1415 1253/1417 1258/1422
f 1251/1415 1258/1422 1257/1421
f 830/1154 835/1150 1066/1151
f 830/1154 1066/1151 1068/1153
f 477/484 479/486 478/485
f 477/484 426/433 479/486
f 1152/1243 1147/1238 1137/1228
f 1152/1243 1137/1228 1145/1236
f 1052/1123 1131/1222 1049/1118
f 1052/1123 1140/1231 1131/1222
f 416/423 402/406 406/411
f 416/423 417/424 402/406
f 1038/1101 1031/1094 1026/1089
f 1038/1101 1026/1089 1033/1096
f 1355/1584 1346/1574 1354/1582
f 1355/1584 1357/1586 1349/1577
f 1355/1584 1349/1577 1346/1574
f 1354/1582 1353/1581 858/1583
f 1354/1582 1346/1574 1353/1581
f 1243/1406 1257/1421 1259/1423
f 1243/1406 1259/1423 1240/1403
f 858/1583 1353/1581 1312/1599
f 1263/1428 1296/1471 1255/1419
f 1263/1428 1312/1504 1296/1471
f 1253/1417 1255/1419 1260/1424
f 1253/1417 1260/1424 1258/1422
f 1255/1419 1296/1471 1262/1426
f 1255/1419 1262/1426 1260/1424
f 801/1149 1065/1148 835/1150
f 801/1149 796/1147 1065/1148
f 1148/1239 1134/1225 1140/1231
f 1148/1239 1136/1227 1134/1225
f 419/426 414/421 421/428
f 419/426 411/417 414/421
f 914/922 903/910 453/919
f 914/922 901/908 892/899
f 914/922 892/899 903/910
f 587/594 586/593 590/597
f 587/594 590/597 592/599
f 586/593 599/606 602/609
f 586/593 602/609 590/597
f 702/709 592/599 723/730
f 702/709 815/822 796/803
f 702/709 723/730 815/822
f 1223/1367 1228/1372 1207/1364
f 1223/1367 1207/1364 1222/1366
f 1228/1372 496/1373 1206/1374
f 1228/1372 1206/1374 1207/1364
f 1036/1099 1029/1092 1030/1093
f 1036/1099 1027/1090 1029/1092
f 453/919 907/914 452/930
f 453/919 903/910 907/914
f 592/599 593/600 723/730
f 592/599 590/597 593/600
f 599/1379 1227/1371 1224/1368
f 599/1379 1224/1368 602/1380
f 496/1341 1208/1340 1206/1335
f 421/428 414/421 415/422
f 846/1569 1332/1541 849/1568
f 846/1110 1034/1097 1035/1098
f 846/1569 1035/1545 1332/1541
f 835/1150 1065/1148 1066/1151
f 478/1339 1204/1329 1208/1340
f 478/1339 479/1336 1204/1329
f 1266/1439 1261/1425 1280/1453
f 1266/1439 1279/1452 1270/1443
f 1266/1439 1280/1453 1279/1452
f 796/1147 815/1144 1064/1145
f 796/1147 1064/1145 1065/1148
f 1227/1371 1221/1365 1219/1354
f 1227/1371 1219/1354 1224/1368
f 494/501 424/431 426/433
f 494/501 415/422 418/425
f 494/501 418/425 424/431
f 849/1568 1330/1539 859/1567
f 849/1568 1332/1541 1330/1539
f 859/1567 1329/1538 860/1570
f 859/1567 1330/1539 1329/1538
f 901/908 893/900 886/893
f 901/908 886/893 892/899
f 860/1570 1329/1538 1327/1536
f 893/900 894/901 884/891
f 893/900 884/891 886/893
f 1326/1535 1321/1530 1325/1534
f 1326/1535 1327/1536 1321/1530
f 1325/1534 1323/1532 1345/1558
f 1325/1534 1321/1530 1323/1532
f 894/901 922/934 876/883
f 894/901 876/883 884/891
f 922/934 923/935 876/883
f 1245/1408 1236/1399 1242/1405
f 1245/1408 1247/1410 1261/1425
f 1245/1408 1242/1405 1247/1410
f 1236/1399 1237/1400 1238/1401
f 1236/1399 1238/1401 1242/1405
f 1277/1450 936/1465 923/1455
f 1277/1450 1273/1446 1282/1456
f 1277/1450 1282/1456 936/1465
f 1237/1400 1240/1403 1238/1401
f 1147/1238 1072/1162 1127/1218
f 1147/1238 1128/1219 1137/1228
f 1147/1238 1127/1218 1128/1219
f 1345/1590 1343/1589 1357/1586
f 1345/1558 1323/1532 1343/1556
f 923/1455 936/1465 878/1474
f 923/935 878/885 876/883
f 1261/1425 1247/1410 1280/1453
f 1070/1158 1069/1156 1142/1233
f 1070/1158 1142/1233 1141/1232
f 1145/1236 1122/1213 1135/1226
f 1145/1236 1137/1228 1120/1211
f 1145/1236 1120/1211 1122/1213
f 1135/1226 1129/1220 1136/1227
f 1135/1226 1122/1213 1129/1220
f 1049/1118 1139/1230 1045/1108
f 1049/1118 1131/1222 1139/1230
f 1045/1108 1153/1244 1032/1095
f 1045/1108 1139/1230 1153/1244
f 406/411 399/400 407/412
f 406/411 402/406 399/400
f 417/424 429/436 423/430
f 417/424 412/418 402/406
f 417/424 423/430 412/418
f 429/932 452/930 920/928
f 429/932 920/928 423/933
f 452/930 907/914 920/928
f 1357/1586 1356/1585 1349/1577
f 1357/1586 1343/1589 1356/1585
f 1349/1577 1347/1575 1346/1574
f 1349/1577 1356/1585 1347/1575
f 1273/1446 1270/1443 1285/1459
f 1273/1446 1285/1459 1282/1456
f 1346/1574 1348/1576 1353/1581
f 1346/1574 1347/1575 1348/1576
f 1353/1581 1352/1580 1312/1599
f 1353/1581 1348/1576 1352/1580
f 1257/1421 1258/1422 1295/1470
f 1257/1421 1294/1469 1259/1423
f 1257/1421 1295/1470 1294/1469
f 1312/1504 1319/1516 1296/1471
f 1312/1599 1352/1580 1319/1600
f 1258/1422 1260/1424 1292/1467
f 1258/1422 1292/1467 1295/1470
f 1296/1471 1300/1478 1262/1426
f 1296/1471 1319/1516 1300/1478
f 1260/1424 1262/1426 1291/1466
f 1260/1424 1291/1466 1292/1467
f 1262/1426 1300/1478 1291/1466
f 1208/1340 1199/1324 1206/1335
f 1208/1340 1204/1329 1199/1324
f 1072/1162 1144/1235 1126/1217
f 1072/1162 1126/1217 1127/1218
f 1140/1231 1134/1225 1093/1184
f 1140/1231 1093/1184 1131/1222
f 411/417 404/409 414/421
f 411/417 408/413 398/398
f 411/417 398/398 404/409
f 407/412 397/397 408/413
f 407/412 399/400 397/397
f 1030/1093 1015/1071 1031/1094
f 1030/1093 1029/1092 1024/1086
f 1030/1093 1024/1086 1015/1071
f 1270/1443 1279/1452 1285/1459
f 1222/1366 1220/1355 1221/1365
f 1222/1366 1207/1364 1220/1355
f 1031/1094 1014/1070 1026/1089
f 1031/1094 1015/1071 1014/1070
f 1026/1089 1016/1072 1033/1096
f 1026/1089 1014/1070 1016/1072
f 1327/1536 1329/1538 1328/1537
f 1327/1536 1324/1533 1321/1530
f 1327/1536 1328/1537 1324/1533
f 723/730 593/600 803/810
f 723/730 847/854 815/822
f 723/730 803/810 847/854
f 1221/1365 1220/1355 1219/1354
f 1066/1151 1065/1148 1067/1152
f 1066/1151 1067/1152 1068/1153
f 479/1336 426/1337 1188/1313
f 479/1336 1188/1313 1204/1329
f 426/433 424/431 425/432
f 426/1337 425/1309 1188/1313
f 1136/1227 1129/1220 1134/1225
f 1028/1091 1032/1095 1022/1084
f 1028/1091 1022/1084 1027/1090
f 593/600 590/597 598/605
f 593/600 598/605 803/810
f 590/1391 602/1380 1233/1383
f 590/1391 1233/1383 598/1389
f 602/1380 1224/1368 1225/1369
f 602/1380 1225/1369 1233/1383
f 1069/1156 1068/1153 1143/1234
f 1069/1156 1143/1234 1142/1233
f 1144/1235 1141/1232 1121/1212
f 1144/1235 1121/1212 1126/1217
f 415/422 414/421 405/410
f 415/422 410/416 418/425
f 415/422 405/410 410/416
f 414/421 404/409 405/410
f 408/413 397/397 398/398
f 1032/1095 1023/1085 1022/1084
f 1032/1095 1153/1244 1023/1085
f 1027/1090 1021/1083 1029/1092
f 1027/1090 1022/1084 1021/1083
f 903/910 892/899 899/906
f 903/910 904/911 907/914
f 903/910 899/906 904/911
f 1240/1403 1259/1423 1290/1464
f 1240/1403 1289/1463 1238/1401
f 1240/1403 1290/1464 1289/1463
f 1259/1423 1294/1469 1290/1464
f 815/1144 1063/1142 1064/1145
f 815/1144 847/1143 1063/1142
f 1224/1368 1219/1354 1214/1348
f 1224/1368 1214/1348 1225/1369
f 1065/1148 1064/1145 1146/1237
f 1065/1148 1146/1237 1067/1152
f 1206/1335 1203/1328 1207/1338
f 1206/1335 1199/1324 1202/1327
f 1206/1335 1202/1327 1203/1328
f 1033/1096 1017/1073 1034/1097
f 1033/1096 1016/1072 1017/1073
f 1034/1097 1025/1087 1035/1098
f 1034/1097 1017/1073 1025/1087
f 1035/1545 1333/1542 1332/1541
f 1035/1545 1025/1554 1333/1542
f 892/899 886/893 885/892
f 892/899 885/892 899/906
f 1068/1153 1067/1152 1133/1224
f 1068/1153 1133/1224 1143/1234
f 1137/1228 1128/1219 1119/1210
f 1137/1228 1119/1210 1120/1211
f 418/425 420/427 424/431
f 418/425 410/416 420/427
f 1029/1092 1020/1082 1024/1086
f 1029/1092 1021/1083 1020/1082
f 1332/1541 1331/1540 1330/1539
f 1332/1541 1333/1542 1331/1540
f 1330/1539 1328/1537 1329/1538
f 1330/1539 1331/1540 1328/1537
f 1321/1530 1322/1531 1323/1532
f 1321/1530 1324/1533 1322/1531
f 1323/1532 1336/1547 1343/1556
f 1323/1532 1322/1531 1336/1547
f 1343/1589 1358/1587 1356/1585
f 1343/1589 1344/1591 1358/1587
f 1343/1556 1336/1547 1344/1557
f 1356/1585 1350/1578 1347/1575
f 1356/1585 1358/1587 1350/1578
f 1347/1575 1350/1578 1348/1576
f 1242/1405 1238/1401 1287/1461
f 1242/1405 1287/1461 1247/1410
f 1238/1401 1289/1463 1287/1461
f 1348/1576 1351/1579 1352/1580
f 1348/1576 1350/1578 1351/1579
f 1352/1580 388/1595 1319/1600
f 1352/1580 1351/1579 388/1595
f 1319/1516 1320/1517 1300/1478
f 1319/1600 388/1595 390/1601
f 1319/1516 390/1524 1320/1517
f 1300/1478 1313/1507 1291/1466
f 1300/1478 1320/1517 1313/1507
f 1291/1466 1313/1507 1292/1467
f 1207/1364 1205/1361 1220/1355
f 1207/1338 1203/1328 1205/1332
f 1204/1329 1195/1320 1199/1324
f 1204/1329 1188/1313 1195/1320
f 424/431 420/427 425/432
f 1134/1225 1129/1220 1082/1173
f 1134/1225 1082/1173 1093/1184
f 907/914 908/915 920/928
f 907/914 904/911 908/915
f 884/891 881/888 886/893
f 884/891 876/883 877/884
f 884/891 877/884 881/888
f 1295/1470 1292/1467 1308/1490
f 1295/1470 1302/1481 1294/1469
f 1295/1470 1308/1490 1302/1481
f 1292/1467 1313/1507 1308/1490
f 402/406 412/418 401/405
f 402/406 401/405 399/400
f 1280/1453 1293/1468 1279/1452
f 1280/1453 1247/1410 1288/1462
f 1280/1453 1288/1462 1293/1468
f 1279/1452 1299/1476 1285/1459
f 1279/1452 1293/1468 1299/1476
f 1294/1469 1302/1481 1290/1464
f 1064/1145 1063/1142 1146/1237
f 1141/1232 1142/1233 1118/1209
f 1141/1232 1118/1209 1121/1212
f 1199/1324 1198/1323 1202/1327
f 1199/1324 1195/1320 1198/1323
f 878/885 936/955 871/878
f 878/885 871/878 876/883
f 936/1465 1282/1456 939/1491
f 936/955 939/959 874/881
f 936/955 874/881 871/878
f 1282/1456 1285/1459 939/1491
f 598/605 857/864 803/810
f 598/1389 1233/1383 1232/1382
f 598/605 861/868 857/864
f 598/1389 1232/1382 861/1390
f 803/1146 1056/1132 847/1143
f 803/1146 857/1133 1056/1132
f 1219/1354 1220/1355 1218/1353
f 1219/1354 1218/1353 1214/1348
f 886/893 881/888 885/892
f 876/883 868/875 877/884
f 876/883 871/878 869/876
f 876/883 869/876 868/875
f 1324/1533 1328/1537 1338/1549
f 1324/1533 1337/1548 1322/1531
f 1324/1533 1338/1549 1337/1548
f 1247/1410 1287/1461 1288/1462
f 1290/1464 1314/1509 1289/1463
f 1290/1464 1302/1481 1314/1509
f 1233/1383 1225/1369 1215/1349
f 1233/1383 1215/1349 1232/1382
f 1067/1152 1146/1237 1124/1215
f 1067/1152 1124/1215 1133/1224
f 1202/1327 1200/1325 1203/1328
f 1202/1327 1198/1323 1200/1325
f 1142/1233 1143/1234 1118/1209
f 425/1309 1187/1311 1188/1313
f 425/1309 420/1312 1186/1310
f 425/1309 1186/1310 1187/1311
f 1122/1213 1120/1211 1073/1164
f 1122/1213 1081/1172 1129/1220
f 1122/1213 1076/1167 1081/1172
f 1122/1213 1073/1164 1076/1167
f 405/410 404/409 403/407
f 405/410 409/414 410/416
f 405/410 403/407 409/414
f 404/409 398/398 396/396
f 404/409 396/396 403/407
f 1333/1542 1335/1544 1331/1540
f 1333/1542 1025/1554 1335/1544
f 1331/1540 1334/1543 1328/1537
f 1331/1540 1335/1544 1334/1543
f 1328/1537 1334/1543 1338/1549
f 1289/1463 1315/1510 1287/1461
f 1289/1463 1314/1509 1315/1510
f 847/1143 1060/1137 1063/1142
f 847/1143 1056/1132 1060/1137
f 1225/1369 1214/1348 1212/1346
f 1225/1369 1212/1346 1215/1349
f 1220/1355 1205/1361 1184/1360
f 1220/1355 1217/1352 1218/1353
f 1220/1355 1185/1356 1217/1352
f 1220/1355 1184/1360 1185/1356
f 1127/1218 1114/1205 1128/1219
f 1127/1218 1126/1217 1114/1205
f 1188/1313 1193/1318 1195/1320
f 1188/1313 1187/1311 1193/1318
f 1128/1219 1104/1195 1119/1210
f 1128/1219 1114/1205 1104/1195
f 1120/1211 1119/1210 1073/1164
f 398/398 397/397 396/396
f 1139/1230 1131/1222 1138/1229
f 1139/1230 1013/1069 1153/1244
f 1139/1230 1138/1229 1013/1069
f 1022/1084 977/1021 1021/1083
f 1022/1084 1023/1085 977/1021
f 412/418 423/430 413/419
f 412/418 413/419 401/405
f 423/933 920/928 919/927
f 423/933 919/927 413/929
f 1024/1086 974/1018 1015/1071
f 1024/1086 1020/1082 974/1018
f 920/928 908/915 909/916
f 920/928 909/916 919/927
f 1015/1071 960/1004 1014/1070
f 1015/1071 974/1018 960/1004
f 1014/1070 957/1001 1016/1072
f 1014/1070 960/1004 957/1001
f 1322/1531 1342/1553 1336/1547
f 1322/1531 1337/1548 1342/1553
f 1344/1591 327/1594 1358/1587
f 1344/1557 1336/1547 349/1560
f 1344/1557 349/1560 327/1566
f 1358/1587 312/1592 1350/1578
f 1358/1587 327/1594 312/1592
f 1350/1578 312/1592 1351/1579
f 1351/1579 313/1593 388/1595
f 1351/1579 312/1592 313/1593
f 1285/1459 1299/1476 944/1508
f 1285/1459 944/1508 939/1491
f 388/388 335/335 390/390
f 388/388 313/313 335/335
f 390/1524 328/1529 1320/1517
f 390/390 335/335 328/328
f 1129/1220 1081/1172 1082/1173
f 1131/1222 1093/1184 1105/1196
f 1131/1222 1105/1196 1138/1229
f 397/397 399/400 392/392
f 397/397 392/392 396/396
f 399/400 401/405 400/401
f 399/400 393/393 392/392
f 399/400 400/401 393/393
f 1021/1083 976/1020 1020/1082
f 1021/1083 977/1021 976/1020
f 1320/1517 370/1527 1313/1507
f 1320/1517 328/1529 370/1527
f 1308/1490 1313/1507 386/1525
f 1308/1490 386/1525 1302/1481
f 1313/1507 370/1527 386/1525
f 861/1390 1234/1388 857/1395
f 861/1390 1232/1382 1234/1388
f 1203/1328 1201/1326 1205/1332
f 1203/1328 1200/1325 1201/1326
f 1020/1082 975/1019 974/1018
f 1020/1082 976/1020 975/1019
f 881/888 877/884 880/887
f 881/888 882/889 885/892
f 881/888 880/887 882/889
f 1336/1547 1342/1553 349/1560
f 857/1133 1053/1129 1056/1132
f 857/1395 1234/1388 1053/1396
f 1214/1348 1218/1353 1209/1343
f 1214/1348 1209/1343 1212/1346
f 1146/1237 1063/1142 1130/1221
f 1146/1237 1130/1221 1124/1215
f 1195/1320 1197/1322 1198/1323
f 1195/1320 1193/1318 1194/1319
f 1195/1320 1194/1319 1197/1322
f 410/1333 1192/1317 420/1312
f 410/1333 409/1334 1192/1317
f 1153/1244 1001/1054 1023/1085
f 1153/1244 1013/1069 1001/1054
f 899/906 889/896 904/911
f 899/906 885/892 889/896
f 877/884 868/875 880/887
f 1293/1468 1288/1462 1307/1489
f 1293/1468 1307/1489 1299/1476
f 1302/1481 387/1523 1314/1509
f 1302/1481 386/1525 387/1523
f 1205/1332 1201/1326 1184/1306
f 1143/1234 1133/1224 1102/1193
f 1143/1234 1102/1193 1118/1209
f 1023/1085 997/1043 977/1021
f 1023/1085 1001/1054 997/1043
f 1016/1072 959/1003 1017/1073
f 1016/1072 957/1001 959/1003
f 1017/1073 972/1016 1025/1087
f 1017/1073 959/1003 972/1016
f 1025/1554 972/1555 1335/1544
f 1287/1461 1317/1512 1288/1462
f 1287/1461 1315/1510 1316/1511
f 1287/1461 1316/1511 1317/1512
f 1063/1142 1060/1137 1062/1140
f 1063/1142 1062/1140 1130/1221
f 908/915 904/911 909/916
f 1232/1382 1215/1349 1226/1370
f 1232/1382 1226/1370 1234/1388
f 1133/1224 1124/1215 1103/1194
f 1133/1224 1103/1194 1102/1193
f 1126/1217 1121/1212 1100/1191
f 1126/1217 1100/1191 1114/1205
f 420/1312 1191/1316 1186/1310
f 420/1312 1192/1317 1191/1316
f 904/911 889/896 909/916
f 1337/1548 1338/1549 1340/1551
f 1337/1548 1341/1552 1342/1553
f 1337/1548 1340/1551 1341/1552
f 1288/1462 1317/1512 1318/1514
f 1288/1462 1318/1514 1307/1489
f 1299/1476 948/1513 944/1508
f 1299/1476 1307/1489 948/1513
f 1314/1509 955/1515 1315/1510
f 1314/1509 387/1523 956/1522
f 1314/1509 956/1522 955/1515
f 1056/1132 1057/1134 1060/1137
f 1056/1132 1053/1129 1055/1131
f 1056/1132 1055/1131 1057/1134
f 1215/1349 1212/1346 1213/1347
f 1215/1349 1213/1347 1226/1370
f 1060/1137 1057/1134 1062/1140
f 1218/1353 1217/1352 1209/1343
f 1093/1184 1082/1173 1092/1183
f 1093/1184 1092/1183 1105/1196
f 1335/1544 1009/1546 1334/1543
f 1335/1544 972/1555 1009/1546
f 1334/1543 1339/1550 1338/1549
f 1334/1543 1009/1546 1339/1550
f 1338/1549 1339/1550 1340/1551
f 1315/1510 955/1515 1316/1511
f 1212/1346 1209/1343 1211/1345
f 1212/1346 1211/1345 1213/1347
f 1200/1325 1198/1323 1182/1301
f 1200/1325 1181/1300 1201/1326
f 1200/1325 1182/1301 1181/1300
f 1198/1323 1197/1322 1182/1301
f 1119/1210 1104/1195 1074/1165
f 1119/1210 1074/1165 1073/1164
f 403/407 64/408 409/414
f 403/407 396/396 68/399
f 403/407 68/399 64/408
f 885/892 882/889 888/895
f 885/892 888/895 889/896
f 1342/1553 301/1563 349/1560
f 1342/1553 1341/1552 322/1564
f 1342/1553 322/1564 301/1563
f 327/327 349/349 233/233
f 327/327 232/232 312/312
f 327/327 233/233 232/232
f 939/959 944/969 941/961
f 939/959 941/961 874/881
f 313/313 312/312 234/234
f 313/313 234/234 335/335
f 1193/1318 1187/1311 1194/1319
f 1187/1311 1186/1310 1189/1314
f 1187/1311 1189/1314 1194/1319
f 401/944 926/938 400/945
f 401/944 413/929 926/938
f 349/349 301/301 233/233
f 312/312 232/232 234/234
f 335/335 234/234 328/328
f 386/386 370/370 332/332
f 386/386 332/332 387/387
f 370/370 328/328 253/253
f 370/370 253/253 332/332
f 409/1334 58/1331 1192/1317
f 409/414 64/408 58/415
f 869/876 871/878 867/874
f 869/876 867/874 868/875
f 328/328 234/234 253/253
f 1124/1215 1130/1221 1113/1204
f 1124/1215 1113/1204 1103/1194
f 977/1021 970/1014 976/1020
f 977/1021 997/1043 979/1023
f 977/1021 979/1023 970/1014
f 919/927 911/918 413/929
f 919/927 909/916 911/918
f 974/1018 975/1019 966/1010
f 974/1018 966/1010 960/1004
f 957/1001 960/1004 958/1002
f 957/1001 958/1002 959/1003
f 871/878 874/881 873/880
f 871/878 873/880 867/874
f 387/1000 341/999 956/998
f 387/387 332/332 341/341
f 1121/1212 1118/1209 1098/1189
f 1121/1212 1099/1190 1100/1191
f 1121/1212 1098/1189 1099/1190
f 1082/1173 1081/1172 1080/1171
f 1082/1173 1080/1171 1092/1183
f 396/396 392/392 395/395
f 396/396 395/395 68/399
f 392/392 393/393 394/394
f 392/392 394/394 395/395
f 976/1020 970/1014 975/1019
f 975/1019 970/1014 967/1011
f 975/1019 967/1011 966/1010
f 960/1004 961/1005 958/1002
f 960/1004 966/1010 961/1005
f 944/969 948/982 947/981
f 944/969 947/981 941/961
f 1201/1326 1177/1295 1184/1306
f 1201/1326 1181/1300 1177/1295
f 1186/1310 1190/1315 1189/1314
f 1186/1310 1191/1316 1190/1315
f 1341/1552 1340/1551 336/1562
f 1341/1552 336/1562 322/1564
f 1217/1352 1185/1356 61/1357
f 1217/1352 1216/1351 1209/1343
f 1217/1352 61/1357 1216/1351
f 1185/1308 1184/1306 61/1307
f 1118/1209 1102/1193 1098/1189
f 1197/1322 1194/1319 1196/1321
f 1197/1322 1196/1321 1182/1301
f 972/1016 959/1003 971/1015
f 972/1016 973/1017 1009/1062
f 972/1016 971/1015 973/1017
f 874/881 941/961 873/880
f 234/234 230/230 253/253
f 234/234 232/232 230/230
f 956/998 342/997 955/995
f 956/998 341/999 342/997
f 1234/1388 1235/1392 1053/1396
f 1234/1388 1226/1370 1231/1377
f 1234/1388 1231/1377 1235/1392
f 1053/1129 1054/1130 1055/1131
f 1053/1396 1235/1392 1054/1397
f 1226/1370 1213/1347 1231/1377
f 1057/1134 1059/1136 1062/1140
f 1057/1134 1055/1131 1059/1136
f 1209/1343 1210/1344 1211/1345
f 1209/1343 1216/1351 1210/1344
f 1130/1221 1062/1140 1123/1214
f 1130/1221 1123/1214 1113/1204
f 1184/1306 50/1297 61/1307
f 1184/1306 1177/1295 50/1297
f 1114/1205 1079/1170 1104/1195
f 1114/1205 1100/1191 1079/1170
f 1104/1195 1079/1170 1074/1165
f 1081/1172 1076/1167 1080/1171
f 393/393 400/401 74/402
f 393/393 74/402 394/394
f 400/945 926/938 74/943
f 413/929 918/926 926/938
f 413/929 911/918 918/926
f 959/1003 958/1002 962/1006
f 959/1003 962/1006 971/1015
f 1009/1546 1010/1559 1339/1550
f 1009/1062 973/1017 1010/1063
f 1339/1550 361/1561 1340/1551
f 1339/1550 1010/1559 361/1561
f 1340/1551 361/1561 336/1562
f 301/301 231/231 233/233
f 301/301 322/322 235/235
f 301/301 235/235 231/231
f 233/233 231/231 232/232
f 1317/1512 1316/1511 954/1521
f 1317/1512 952/1519 1318/1514
f 1317/1512 954/1521 953/1526
f 1317/1512 953/1526 952/1519
f 1316/1511 955/1515 954/1521
f 1318/1514 950/1520 1307/1489
f 1318/1514 952/1519 950/1520
f 1307/1489 950/1520 948/1513
f 253/253 278/278 332/332
f 253/253 230/230 278/278
f 332/332 278/278 341/341
f 880/887 879/886 882/889
f 880/887 868/875 870/877
f 880/887 870/877 879/886
f 232/232 231/231 230/230
f 1062/1140 1059/1136 1132/1223
f 1062/1140 1132/1223 1123/1214
f 1073/1164 1075/1166 1076/1167
f 1073/1164 1074/1165 1075/1166
f 1192/1317 58/1331 52/1330
f 1192/1317 52/1330 1191/1316
f 1138/1229 1008/1061 1013/1069
f 1138/1229 1105/1196 1008/1061
f 1013/1069 1002/1055 1001/1054
f 1013/1069 1008/1061 1004/1057
f 1013/1069 1004/1057 1002/1055
f 955/995 342/997 366/996
f 955/995 378/994 954/993
f 955/995 366/996 378/994
f 1102/1193 1103/1194 1096/1187
f 1102/1193 1096/1187 1098/1189
f 1076/1167 1078/1169 1080/1171
f 1076/1167 1075/1166 1078/1169
f 882/889 891/898 888/895
f 882/889 879/886 891/898
f 868/875 867/874 866/873
f 868/875 866/873 870/877
f 948/982 950/985 947/981
f 341/341 278/278 277/277
f 341/341 277/277 342/342
f 1105/1196 1092/1183 1101/1192
f 1105/1196 1101/1192 1012/1068
f 1105/1196 1012/1068 1008/1061
f 909/916 889/896 905/912
f 909/916 905/912 911/918
f 322/322 336/336 236/236
f 322/322 236/236 235/235
f 231/231 227/227 230/230
f 231/231 235/235 227/227
f 278/278 230/230 228/228
f 278/278 228/228 277/277
f 1103/1194 1113/1204 1097/1188
f 1103/1194 1097/1188 1096/1187
f 64/64 57/57 58/58
f 64/64 68/68 59/59
f 64/64 59/59 57/57
f 1001/1054 994/1040 997/1043
f 1001/1054 1002/1055 994/1040
f 997/1043 994/1040 979/1023
f 230/230 227/227 228/228
f 342/342 277/277 276/276
f 342/342 276/276 366/366
f 1055/1131 1054/1130 1058/1135
f 1055/1131 1058/1135 1059/1136
f 1213/1347 1211/1345 90/1362
f 1213/1347 90/1362 1231/1377
f 1113/1204 1123/1214 1112/1203
f 1113/1204 1112/1203 1097/1188
f 1181/1300 1182/1301 1180/1299
f 1181/1300 1180/1299 1177/1295
f 1100/1191 1099/1190 1086/1177
f 1100/1191 1086/1177 1079/1170
f 1194/1319 1189/1314 1179/1298
f 1194/1319 1179/1298 1196/1321
f 1189/1314 1190/1315 1183/1302
f 1189/1314 1183/1302 1179/1298
f 58/58 57/57 52/52
f 1092/1183 1080/1171 1091/1182
f 1092/1183 1091/1182 1101/1192
f 68/399 395/395 65/420
f 68/68 65/65 59/59
f 979/1023 978/1022 970/1014
f 979/1023 994/1040 978/1022
f 970/1014 969/1013 967/1011
f 970/1014 978/1022 969/1013
f 958/1002 961/1005 964/1008
f 958/1002 963/1007 962/1006
f 958/1002 964/1008 963/1007
f 336/336 361/361 300/300
f 336/336 300/300 236/236
f 1211/1345 1210/1344 88/1350
f 1211/1345 88/1350 90/1362
f 1182/1301 1196/1321 1180/1299
f 1074/1165 1079/1170 1077/1168
f 1074/1165 1077/1168 1075/1166
f 967/1011 965/1009 966/1010
f 967/1011 969/1013 968/1012
f 967/1011 968/1012 965/1009
f 966/1010 965/1009 961/1005
f 961/1005 965/1009 964/1008
f 889/896 888/895 890/897
f 889/896 898/905 905/912
f 889/896 890/897 898/905
f 1010/1559 321/1565 361/1561
f 1010/1063 973/1017 331/1037
f 1010/1063 331/1037 321/1064
f 361/361 321/321 300/300
f 235/235 223/223 227/227
f 235/235 236/236 223/223
f 954/993 377/992 953/991
f 954/993 378/994 377/992
f 395/395 394/394 67/403
f 395/395 67/403 65/420
f 228/228 227/227 224/224
f 228/228 224/224 277/277
f 61/1357 60/1359 1216/1351
f 61/61 50/50 60/60
f 1190/1315 1191/1316 47/1304
f 1190/1315 47/1304 1183/1302
f 394/394 74/402 71/404
f 394/394 71/404 67/403
f 971/1015 980/1024 973/1017
f 971/1015 962/1006 980/1024
f 888/895 896/903 890/897
f 888/895 891/898 896/903
f 227/227 223/223 224/224
f 867/874 873/880 872/879
f 867/874 865/872 866/873
f 867/874 872/879 865/872
f 277/277 224/224 276/276
f 941/961 943/966 873/880
f 941/961 947/981 943/966
f 1177/1295 1174/1288 50/1297
f 1177/1295 1175/1289 1174/1288
f 1177/1295 1180/1299 1175/1289
f 973/1017 992/1036 331/1037
f 973/1017 980/1024 992/1036
f 1235/1392 391/1394 1054/1397
f 1235/1392 1231/1377 391/1394
f 1054/1130 389/1138 1058/1135
f 1054/1397 391/1394 389/1398
f 1231/1377 90/1362 100/1378
f 1231/1377 100/1378 391/1394
f 1059/1136 1061/1139 1132/1223
f 1059/1136 1058/1135 1061/1139
f 1123/1214 1132/1223 1125/1216
f 1123/1214 1125/1216 1112/1203
f 1216/1351 60/1359 62/1358
f 1216/1351 62/1358 1210/1344
f 1191/1316 52/1330 47/1304
f 236/236 300/300 225/225
f 236/236 225/225 223/223
f 953/991 384/989 952/990
f 953/991 377/992 384/989
f 366/366 282/282 378/378
f 366/366 276/276 282/282
f 1099/1190 1098/1189 1089/1180
f 1099/1190 1087/1178 1086/1177
f 1099/1190 1089/1180 1087/1178
f 74/943 926/938 77/942
f 74/74 70/70 71/71
f 74/74 77/77 70/70
f 926/938 918/926 921/931
f 926/938 921/931 77/942
f 918/926 911/918 915/923
f 918/926 915/923 921/931
f 911/918 905/912 910/917
f 911/918 910/917 915/923
f 905/912 898/905 910/917
f 378/378 282/282 377/377
f 952/990 951/987 950/985
f 952/990 384/989 951/987
f 950/985 949/984 947/981
f 950/985 951/987 949/984
f 1098/1189 1096/1187 1089/1180
f 1196/1321 1178/1296 1180/1299
f 1196/1321 1179/1298 1178/1296
f 1080/1171 1078/1169 1083/1174
f 1080/1171 1083/1174 1091/1182
f 300/300 321/321 226/226
f 300/300 226/226 225/225
f 224/224 222/222 276/276
f 224/224 223/223 222/222
f 276/276 222/222 282/282
f 873/880 943/966 872/879
f 947/981 946/980 943/966
f 947/981 949/984 946/980
f 321/321 331/331 229/229
f 321/321 229/229 226/226
f 870/877 866/873 862/869
f 870/877 862/869 879/886
f 223/223 225/225 221/221
f 223/223 221/221 222/222
f 1132/1223 1061/1139 1149/1240
f 1132/1223 1149/1240 1125/1216
f 962/1006 984/1028 980/1024
f 962/1006 963/1007 984/1028
f 866/873 865/872 862/869
f 60/60 50/50 51/51
f 60/60 51/51 62/62
f 50/1297 1174/1288 38/1291
f 50/50 44/44 51/51
f 50/50 38/38 44/44
f 1096/1187 1097/1188 1095/1186
f 1096/1187 1095/1186 1089/1180
f 377/377 282/282 283/283
f 377/377 314/314 384/384
f 377/377 283/283 314/314
f 1210/1344 75/1363 88/1350
f 1210/1344 62/1358 75/1363
f 1112/1203 1111/1202 1097/1188
f 1112/1203 1125/1216 1111/1202
f 1097/1188 1111/1202 1095/1186
f 52/52 57/57 48/48
f 52/52 28/28 47/47
f 52/52 48/48 28/28
f 57/57 59/59 46/46
f 57/57 46/46 48/48
f 978/1022 981/1025 969/1013
f 978/1022 994/1040 983/1027
f 978/1022 983/1027 981/1025
f 969/1013 982/1026 968/1012
f 969/1013 981/1025 982/1026
f 968/1012 985/1029 965/1009
f 968/1012 982/1026 985/1029
f 225/225 226/226 221/221
f 222/222 218/218 282/282
f 222/222 221/221 218/218
f 282/282 218/218 283/283
f 1079/1170 1084/1175 1077/1168
f 1079/1170 1086/1177 1085/1176
f 1079/1170 1085/1176 1084/1175
f 1077/1168 1110/1201 1075/1166
f 1077/1168 1084/1175 1108/1199
f 1077/1168 1108/1199 1110/1201
f 59/59 65/65 56/56
f 59/59 56/56 46/46
f 965/1009 986/1030 964/1008
f 965/1009 985/1029 986/1030
f 964/1008 986/1030 963/1007
f 890/897 897/904 898/905
f 890/897 896/903 897/904
f 331/331 219/219 229/229
f 331/1037 992/1036 219/1077
f 1058/1135 389/1138 329/1141
f 1058/1135 329/1141 1061/1139
f 90/1362 89/1393 100/1378
f 90/90 88/88 89/89
f 1174/1288 1175/1289 37/1290
f 1174/1288 37/1290 38/1291
f 1180/1299 1178/1296 1175/1289
f 1101/1192 1091/1182 1019/1079
f 1101/1192 1019/1079 1012/1068
f 65/65 67/67 56/56
f 1008/1061 1005/1058 1004/1057
f 1008/1061 1012/1068 1005/1058
f 1004/1057 1003/1056 1002/1055
f 1004/1057 1005/1058 1003/1056
f 71/71 63/63 67/67
f 71/71 70/70 63/63
f 994/1040 1002/1055 995/1041
f 994/1040 995/1041 983/1027
f 980/1024 298/1039 992/1036
f 980/1024 984/1028 298/1039
f 226/226 217/217 221/221
f 226/226 229/229 217/217
f 221/221 217/217 218/218
f 391/391 380/380 389/389
f 391/391 100/100 380/380
f 389/389 380/380 329/329
f 100/100 99/99 380/380
f 100/100 89/89 99/99
f 88/88 87/87 89/89
f 88/88 75/75 87/87
f 1075/1166 1116/1207 1078/1169
f 1075/1166 1117/1208 1116/1207
f 1075/1166 1110/1201 1117/1208
f 1078/1169 1115/1206 1083/1174
f 1078/1169 1116/1207 1115/1206
f 67/67 63/63 56/56
f 1002/1055 1003/1056 995/1041
f 963/1007 987/1031 984/1028
f 963/1007 986/1030 987/1031
f 879/886 883/890 891/898
f 879/886 862/869 864/871
f 879/886 864/871 883/890
f 384/989 360/988 951/987
f 384/384 314/314 360/360
f 1061/1139 292/1278 1149/1240
f 1061/1139 329/1141 292/1278
f 1125/1216 1149/1240 1166/1257
f 1125/1216 1166/1257 1111/1202
f 1091/1182 1083/1174 1156/1247
f 1091/1182 1156/1247 1019/1079
f 898/905 906/913 910/917
f 898/905 902/909 906/913
f 898/905 897/904 902/909
f 891/898 883/890 896/903
f 229/229 219/219 217/217
f 218/218 216/216 283/283
f 218/218 217/217 216/216
f 951/987 373/986 949/984
f 951/987 360/988 373/986
f 1179/1298 1176/1292 1178/1296
f 1179/1298 1183/1302 40/1294
f 1179/1298 40/1294 1176/1292
f 47/1304 39/1303 1183/1302
f 47/47 28/28 35/35
f 47/1304 35/1305 39/1303
f 910/917 906/913 915/923
f 283/283 216/216 314/314
f 943/966 945/974 872/879
f 943/966 946/980 945/974
f 949/984 373/986 946/980
f 1178/1296 1176/1292 1175/1289
f 1183/1302 39/1303 40/1294
f 1149/1240 292/1278 270/1276
f 1149/1240 270/1276 1166/1257
f 62/62 51/51 49/49
f 62/62 66/66 75/75
f 62/62 49/49 53/53
f 62/62 53/53 66/66
f 1086/1177 1087/1178 1085/1176
f 1012/1068 1019/1079 1011/1066
f 1012/1068 1011/1066 1005/1058
f 217/217 199/199 216/216
f 217/217 219/219 199/199
f 51/51 44/44 49/49
f 915/923 917/925 921/931
f 915/923 906/913 916/924
f 915/923 916/924 917/925
f 992/1036 220/1076 219/1077
f 992/1036 298/1039 220/1076
f 865/872 863/870 862/869
f 865/872 872/879 938/958
f 865/872 875/882 863/870
f 865/872 938/958 875/882
f 862/869 863/870 864/871
f 872/879 945/974 938/958
f 946/980 373/986 945/974
f 329/329 380/380 248/248
f 329/329 243/243 292/292
f 329/329 248/248 243/243
f 1175/1289 1176/1292 37/1290
f 1083/1174 1115/1206 1163/1254
f 1083/1174 1164/1255 1156/1247
f 1083/1174 1163/1254 1164/1255
f 48/48 46/46 41/41
f 48/48 41/41 28/28
f 984/1028 987/1031 297/1049
f 984/1028 297/1049 298/1039
f 216/216 290/290 314/314
f 216/216 199/199 193/193
f 216/216 193/193 290/290
f 380/380 99/99 98/98
f 380/380 98/98 248/248
f 89/89 98/98 99/99
f 89/89 87/87 96/96
f 89/89 96/96 98/98
f 38/38 32/32 44/44
f 38/38 37/37 32/32
f 921/931 78/940 77/942
f 921/931 917/925 78/940
f 982/1026 990/1034 985/1029
f 982/1026 981/1025 989/1033
f 982/1026 989/1033 990/1034
f 985/1029 991/1035 986/1030
f 985/1029 990/1034 991/1035
f 896/903 895/902 897/904
f 896/903 883/890 895/902
f 219/219 174/174 199/199
f 219/219 220/220 174/174
f 314/314 290/290 360/360
f 77/77 73/73 70/70
f 77/77 78/78 73/73
f 981/1025 983/1027 988/1032
f 981/1025 988/1032 989/1033
f 986/1030 991/1035 987/1031
f 199/199 174/174 193/193
f 292/292 243/243 270/270
f 75/75 81/81 87/87
f 75/75 66/66 81/81
f 1111/1202 1158/1249 1095/1186
f 1111/1202 1166/1257 353/1265
f 1111/1202 353/1265 1158/1249
f 1095/1186 1094/1185 1089/1180
f 1095/1186 1158/1249 1159/1250
f 1095/1186 1159/1250 1094/1185
f 1089/1180 1090/1181 1087/1178
f 1089/1180 1094/1185 1090/1181
f 983/1027 995/1041 996/1042
f 983/1027 996/1042 993/1038
f 983/1027 993/1038 988/1032
f 360/360 339/339 373/373
f 360/360 290/290 339/339
f 87/87 81/81 96/96
f 1166/1257 270/1276 353/1265
f 906/913 902/909 912/920
f 906/913 912/920 916/924
f 1115/1206 1116/1207 1162/1253
f 1115/1206 1162/1253 1163/1254
f 1019/1079 1156/1247 1165/1256
f 1019/1079 1018/1078 1011/1066
f 1019/1079 1165/1256 1018/1078
f 987/1031 991/1035 272/1050
f 987/1031 272/1050 297/1049
f 49/49 44/44 34/34
f 49/49 36/36 53/53
f 49/49 34/34 36/36
f 44/44 32/32 34/34
f 1176/1292 40/1294 20/1293
f 1176/1292 20/1293 37/1290
f 1084/1175 1085/1176 1106/1197
f 1084/1175 1107/1198 1108/1199
f 1084/1175 1106/1197 1107/1198
f 1116/1207 1117/1208 1167/1258
f 1116/1207 1167/1258 1162/1253
f 46/46 56/56 45/45
f 46/46 45/45 41/41
f 995/1041 1003/1056 999/1052
f 995/1041 999/1052 996/1042
f 70/70 69/69 63/63
f 70/70 73/73 69/69
f 897/904 900/907 902/909
f 897/904 895/902 900/907
f 298/298 237/237 220/220
f 298/298 297/297 237/237
f 883/890 864/871 887/894
f 883/890 887/894 895/902
f 945/974 373/986 357/983
f 945/974 382/979 938/958
f 945/974 357/983 382/979
f 373/373 339/339 357/357
f 1087/1178 1088/1179 1085/1176
f 1087/1178 1090/1181 1088/1179
f 40/40 39/39 13/13
f 40/40 13/13 20/20
f 35/35 28/28 4/4
f 35/35 9/9 39/39
f 35/35 4/4 9/9
f 28/28 41/41 5/5
f 28/28 1/1 4/4
f 28/28 5/5 1/1
f 1156/1247 1164/1255 1165/1256
f 56/56 63/63 54/54
f 56/56 54/54 45/45
f 864/871 863/870 934/952
f 864/871 934/952 887/894
f 66/66 80/80 81/81
f 66/66 53/53 76/76
f 66/66 76/76 80/80
f 1085/1176 1088/1179 1106/1197
f 39/39 9/9 13/13
f 1005/1058 999/1052 1003/1056
f 1005/1058 1011/1066 1006/1059
f 1005/1058 1006/1059 999/1052
f 63/63 69/69 54/54
f 902/909 913/921 912/920
f 902/909 900/907 913/921
f 290/290 193/193 198/198
f 290/290 198/198 339/339
f 248/248 98/98 242/242
f 248/248 242/242 243/243
f 98/98 96/96 308/308
f 98/98 308/308 242/242
f 243/243 244/244 270/270
f 243/243 242/242 238/238
f 243/243 238/238 244/244
f 220/220 165/165 174/174
f 220/220 237/237 165/165
f 270/270 284/284 353/353
f 270/270 244/244 284/284
f 917/925 916/924 927/939
f 917/925 927/939 928/941
f 917/925 928/941 78/940
f 916/924 912/920 927/939
f 863/870 875/882 379/967
f 863/870 379/967 934/952
f 875/882 938/958 376/970
f 875/882 376/970 379/967
f 938/958 382/979 376/970
f 96/96 81/81 95/95
f 96/96 95/95 308/308
f 81/81 80/80 95/95
f 53/53 36/36 76/76
f 37/37 26/26 32/32
f 37/37 20/20 26/26
f 1110/1201 1168/1259 1117/1208
f 1110/1201 1108/1199 1161/1252
f 1110/1201 1169/1261 1168/1259
f 1110/1201 1161/1252 1169/1261
f 193/193 174/174 164/164
f 193/193 164/164 198/198
f 339/339 287/287 357/357
f 339/339 198/198 287/287
f 1158/1249 353/1265 354/1267
f 1158/1249 354/1267 1159/1250
f 991/1035 990/1034 251/1047
f 991/1035 207/1075 272/1050
f 991/1035 251/1047 207/1075
f 297/297 272/272 202/202
f 297/297 202/202 237/237
f 174/174 165/165 164/164
f 990/1034 989/1033 330/1046
f 990/1034 330/1046 251/1047
f 353/353 284/284 354/354
f 32/32 33/33 34/34
f 32/32 26/26 25/25
f 32/32 25/25 33/33
f 895/902 930/948 900/907
f 895/902 887/894 931/949
f 895/902 931/949 930/948
f 382/382 357/357 323/323
f 382/382 324/324 376/376
f 382/382 323/323 324/324
f 1117/1208 1168/1259 1167/1258
f 357/357 287/287 323/323
f 308/308 241/241 242/242
f 308/308 95/95 309/309
f 308/308 309/309 241/241
f 242/242 241/241 238/238
f 20/20 13/13 17/17
f 20/20 17/17 26/26
f 1108/1199 1107/1198 1160/1251
f 1108/1199 1160/1251 1161/1252
f 41/41 23/23 5/5
f 41/41 45/45 23/23
f 912/920 929/947 927/939
f 912/920 913/921 929/947
f 34/34 33/33 36/36
f 1094/1185 1155/1246 1090/1181
f 1094/1185 1159/1250 1155/1246
f 1090/1181 1109/1200 1088/1179
f 1090/1181 1155/1246 1109/1200
f 4/4 3/3 9/9
f 4/4 1/1 3/3
f 900/907 930/948 913/921
f 272/272 207/207 202/202
f 237/237 150/150 165/165
f 237/237 202/202 150/150
f 887/894 934/952 940/960
f 887/894 940/960 931/949
f 198/198 197/197 287/287
f 198/198 164/164 197/197
f 376/376 343/343 379/379
f 376/376 324/324 343/343
f 244/244 238/238 200/200
f 244/244 200/200 284/284
f 80/80 97/97 95/95
f 80/80 76/76 97/97
f 36/36 42/42 76/76
f 36/36 33/33 42/42
f 13/13 9/9 11/11
f 13/13 11/11 17/17
f 989/1033 988/1032 326/1045
f 989/1033 326/1045 330/1046
f 165/165 150/150 164/164
f 287/287 239/239 323/323
f 287/287 197/197 239/239
f 9/9 3/3 10/10
f 9/9 10/10 11/11
f 1011/1066 1018/1078 365/1067
f 1011/1066 365/1067 1006/1059
f 927/939 935/953 928/941
f 927/939 929/947 935/953
f 95/95 97/97 309/309
f 354/1267 315/1271 1159/1250
f 354/354 284/284 311/311
f 354/354 311/311 315/315
f 1159/1250 315/1271 1155/1246
f 1107/1198 1106/1197 1157/1248
f 1107/1198 362/1260 1160/1251
f 1107/1198 1157/1248 362/1260
f 1163/1254 1162/1253 1164/1255
f 934/952 379/967 369/976
f 934/952 369/976 940/960
f 238/238 241/241 191/191
f 238/238 191/191 200/200
f 76/76 42/42 97/97
f 284/284 209/209 311/311
f 284/284 200/200 209/209
f 1018/1078 1165/1256 364/1080
f 1018/1078 364/1080 365/1067
f 999/1052 1000/1053 996/1042
f 999/1052 1006/1059 1000/1053
f 996/1042 998/1051 993/1038
f 996/1042 1000/1053 998/1051
f 73/73 78/78 79/79
f 73/73 72/72 69/69
f 73/73 79/79 72/72
f 78/940 928/941 86/954
f 78/940 86/954 79/956
f 251/251 205/205 207/207
f 251/251 330/330 204/204
f 251/251 204/204 205/205
f 913/921 930/948 932/950
f 913/921 932/950 929/947
f 202/202 207/207 143/143
f 202/202 143/143 150/150
f 164/164 140/140 197/197
f 164/164 150/150 140/140
f 379/379 343/343 369/369
f 323/323 266/266 324/324
f 323/323 239/239 266/266
f 988/1032 993/1038 319/1044
f 988/1032 319/1044 326/1045
f 207/207 205/205 162/162
f 207/207 162/162 143/143
f 1088/1179 1157/1248 1106/1197
f 1088/1179 1109/1200 1157/1248
f 1/1 5/5 2/2
f 1/1 2/2 3/3
f 993/1038 998/1051 325/1048
f 993/1038 325/1048 319/1044
f 928/941 935/953 937/957
f 928/941 937/957 86/954
f 197/197 139/139 239/239
f 197/197 140/140 139/139
f 324/324 288/288 343/343
f 324/324 266/266 288/288
f 1165/1256 1164/1255 1170/1262
f 1165/1256 1171/1266 364/1080
f 1165/1256 1170/1262 1171/1266
f 54/54 69/69 55/55
f 54/54 27/27 45/45
f 54/54 55/55 27/27
f 69/69 72/72 55/55
f 150/150 143/143 138/138
f 150/150 138/138 140/140
f 26/26 17/17 25/25
f 1164/1255 1162/1253 1170/1262
f 5/5 6/6 2/2
f 5/5 23/23 6/6
f 45/45 27/27 23/23
f 1006/1059 365/1067 1007/1060
f 1006/1059 1007/1060 1000/1053
f 930/948 931/949 381/963
f 930/948 375/962 932/950
f 930/948 381/963 375/962
f 931/949 940/960 372/968
f 931/949 372/968 381/963
f 940/960 369/976 355/977
f 940/960 355/977 372/968
f 309/309 307/307 241/241
f 309/309 97/97 307/307
f 330/330 326/326 203/203
f 330/330 203/203 204/204
f 205/205 204/204 148/148
f 205/205 148/148 162/162
f 239/239 139/139 266/266
f 241/241 192/192 191/191
f 241/241 307/307 264/264
f 241/241 264/264 192/192
f 97/97 42/42 94/94
f 97/97 94/94 307/307
f 3/3 12/12 10/10
f 3/3 2/2 12/12
f 929/947 942/964 935/953
f 929/947 932/950 942/964
f 369/369 343/343 348/348
f 369/369 348/348 355/355
f 343/343 288/288 255/255
f 343/343 255/255 348/348
f 266/266 139/139 175/175
f 266/266 175/175 288/288
f 42/42 33/33 43/43
f 42/42 43/43 94/94
f 143/143 162/162 136/136
f 143/143 136/136 138/138
f 140/140 138/138 139/139
f 311/311 208/208 315/315
f 311/311 209/209 208/208
f 33/33 25/25 43/43
f 1168/1259 356/1270 1167/1258
f 1168/1259 1169/1261 356/1270
f 326/326 319/319 206/206
f 326/326 206/206 203/203
f 204/204 149/149 148/148
f 204/204 203/203 149/149
f 200/200 191/191 176/176
f 200/200 176/176 209/209
f 315/1271 265/1277 1155/1246
f 315/315 208/208 265/265
f 1161/1252 318/1263 1169/1261
f 1161/1252 1160/1251 318/1263
f 935/953 942/964 385/971
f 935/953 385/971 937/957
f 932/950 375/962 942/964
f 162/162 135/135 136/136
f 162/162 148/148 135/135
f 138/138 137/137 139/139
f 138/138 136/136 137/137
f 1155/1246 245/1272 1109/1200
f 1155/1246 265/1277 245/1272
f 1167/1258 1172/1268 1162/1253
f 1167/1258 356/1270 1172/1268
f 1162/1253 1172/1268 1170/1262
f 365/365 364/364 320/320
f 365/1067 337/1088 1007/1060
f 365/365 320/320 337/337
f 998/1051 1000/1053 273/1065
f 998/1051 273/1065 325/1048
f 139/139 137/137 175/175
f 288/288 175/175 254/254
f 288/288 254/254 255/255
f 1109/1200 293/1264 1157/1248
f 1109/1200 245/1272 293/1264
f 364/1080 1171/1266 340/1273
f 364/364 340/340 320/320
f 79/79 86/86 84/84
f 79/79 83/83 72/72
f 79/79 84/84 83/83
f 372/372 355/355 347/347
f 372/372 347/347 381/381
f 10/10 12/12 11/11
f 1000/1053 1007/1060 250/1074
f 1000/1053 250/1074 273/1065
f 86/954 937/957 84/972
f 319/319 325/325 201/201
f 319/319 201/201 206/206
f 136/136 135/135 134/134
f 136/136 134/134 137/137
f 355/355 348/348 302/302
f 355/355 302/302 347/347
f 175/175 137/137 170/170
f 175/175 170/170 254/254
f 191/191 192/192 184/184
f 191/191 184/184 176/176
f 17/17 11/11 18/18
f 17/17 18/18 25/25
f 11/11 16/16 18/18
f 11/11 12/12 16/16
f 1169/1261 274/1274 356/1270
f 1169/1261 318/1263 274/1274
f 2/2 6/6 7/7
f 2/2 7/7 12/12
f 23/23 8/8 6/6
f 23/23 27/27 24/24
f 23/23 24/24 8/8
f 72/72 82/82 55/55
f 72/72 83/83 82/82
f 148/148 127/127 135/135
f 148/148 149/149 127/127
f 381/381 359/359 375/375
f 381/381 347/347 359/359
f 348/348 255/255 252/252
f 348/348 252/252 302/302
f 307/307 94/94 299/299
f 307/307 299/299 264/264
f 1160/1251 362/1260 318/1263
f 6/6 8/8 7/7
f 1171/1266 1170/1262 317/1269
f 1171/1266 317/1269 340/1273
f 27/27 55/55 29/29
f 27/27 29/29 24/24
f 942/964 375/962 374/973
f 942/964 368/978 385/971
f 942/964 374/973 368/978
f 135/135 127/127 134/134
f 137/137 134/134 170/170
f 254/254 170/170 255/255
f 255/255 170/170 180/180
f 255/255 180/180 252/252
f 209/209 176/176 208/208
f 43/43 92/92 94/94
f 43/43 25/25 31/31
f 43/43 31/31 92/92
f 1157/1248 293/1264 362/1260
f 1170/1262 1172/1268 317/1269
f 55/55 82/82 29/29
f 325/325 273/273 201/201
f 937/957 385/971 383/975
f 937/957 383/975 84/972
f 203/203 122/122 149/149
f 203/203 206/206 122/122
f 94/94 92/92 299/299
f 149/149 125/125 127/127
f 149/149 122/122 125/125
f 375/375 359/359 374/374
f 134/134 131/131 170/170
f 134/134 127/127 131/131
f 170/170 131/131 180/180
f 208/208 172/172 265/265
f 208/208 176/176 173/173
f 208/208 173/173 172/172
f 25/25 18/18 31/31
f 127/127 126/126 131/131
f 127/127 125/125 126/126
f 180/180 131/131 171/171
f 180/180 171/171 252/252
f 362/362 293/293 211/211
f 362/362 211/211 318/318
f 1007/1060 337/1088 249/1081
f 1007/1060 249/1081 250/1074
f 206/206 120/120 122/122
f 206/206 201/201 120/120
f 131/131 126/126 171/171
f 192/192 264/264 184/184
f 264/264 299/299 240/240
f 264/264 240/240 184/184
f 265/265 172/172 245/245
f 245/245 157/157 293/293
f 245/245 172/172 157/157
f 356/1270 316/1275 1172/1268
f 356/356 274/274 246/246
f 356/356 246/246 316/316
f 1172/1268 316/1275 317/1269
f 273/273 111/111 201/201
f 273/273 250/250 111/111
f 385/385 350/350 383/383
f 385/385 368/368 350/350
f 347/347 302/302 291/291
f 347/347 291/291 359/359
f 252/252 196/196 302/302
f 252/252 171/171 196/196
f 176/176 163/163 173/173
f 176/176 184/184 163/163
f 84/84 358/358 83/83
f 84/84 383/383 358/358
f 374/374 359/359 338/338
f 374/374 338/338 368/368
f 302/302 196/196 190/190
f 302/302 190/190 291/291
f 293/293 157/157 211/211
f 318/318 210/210 274/274
f 318/318 211/211 210/210
f 337/337 320/320 112/112
f 337/337 112/112 249/249
f 122/122 121/121 125/125
f 122/122 120/120 121/121
f 125/125 121/121 126/126
f 171/171 126/126 128/128
f 171/171 128/128 196/196
f 299/299 92/92 280/280
f 299/299 280/280 240/240
f 173/173 160/160 172/172
f 173/173 163/163 160/160
f 18/18 16/16 21/21
f 18/18 21/21 31/31
f 16/16 12/12 15/15
f 16/16 15/15 21/21
f 12/12 7/7 14/14
f 12/12 14/14 15/15
f 83/83 371/371 82/82
f 83/83 358/358 371/371
f 201/201 118/118 120/120
f 201/201 111/111 118/118
f 359/359 310/310 338/338
f 359/359 291/291 310/310
f 126/126 121/121 128/128
f 184/184 169/169 163/163
f 184/184 240/240 169/169
f 92/92 31/31 281/281
f 92/92 281/281 280/280
f 340/340 317/317 271/271
f 340/340 271/271 320/320
f 8/8 24/24 30/30
f 8/8 22/22 7/7
f 8/8 30/30 22/22
f 24/24 29/29 85/85
f 24/24 85/85 30/30
f 29/29 82/82 93/93
f 29/29 93/93 85/85
f 82/82 371/371 93/93
f 383/383 350/350 358/358
f 196/196 128/128 190/190
f 31/31 21/21 352/352
f 31/31 352/352 281/281
f 274/274 168/168 246/246
f 274/274 210/210 168/168
f 250/250 107/107 111/111
f 250/250 249/249 107/107
f 368/368 338/338 333/333
f 368/368 333/333 350/350
f 172/172 158/158 157/157
f 172/172 160/160 158/158
f 317/317 316/316 247/247
f 317/317 247/247 271/271
f 120/120 119/119 121/121
f 120/120 118/118 119/119
f 163/163 169/169 161/161
f 163/163 161/161 160/160
f 7/7 19/19 14/14
f 7/7 22/22 19/19
f 121/121 119/119 128/128
f 211/211 157/157 156/156
f 211/211 152/152 210/210
f 211/211 156/156 152/152
f 246/246 195/195 316/316
f 246/246 168/168 194/194
f 246/246 194/194 195/195
f 316/316 195/195 247/247
f 338/338 310/310 289/289
f 338/338 289/289 333/333
f 291/291 190/190 189/189
f 291/291 189/189 310/310
f 240/240 280/280 267/267
f 240/240 187/187 169/169
f 240/240 267/267 187/187
f 280/280 281/281 267/267
f 21/21 15/15 367/367
f 21/21 367/367 352/352
f 157/157 158/158 155/155
f 157/157 155/155 156/156
f 15/15 14/14 91/91
f 15/15 91/91 367/367
f 320/320 271/271 114/114
f 320/320 114/114 112/112
f 111/111 110/110 118/118
f 111/111 107/107 108/108
f 111/111 108/108 110/110
f 358/358 350/350 334/334
f 358/358 344/344 371/371
f 358/358 334/334 344/344
f 350/350 333/333 334/334
f 128/128 133/133 190/190
f 128/128 119/119 133/133
f 190/190 133/133 189/189
f 169/169 187/187 161/161
f 160/160 159/159 158/158
f 160/160 161/161 159/159
f 14/14 296/296 91/91
f 14/14 19/19 296/296
f 371/371 345/345 93/93
f 371/371 344/344 345/345
f 118/118 110/110 119/119
f 119/119 129/129 133/133
f 119/119 110/110 129/129
f 310/310 189/189 289/289
f 281/281 352/352 275/275
f 281/281 275/275 267/267
f 210/210 152/152 168/168
f 30/30 85/85 351/351
f 30/30 363/363 22/22
f 30/30 351/351 363/363
f 93/93 346/346 85/85
f 93/93 345/345 346/346
f 333/333 289/289 285/285
f 333/333 285/285 334/334
f 352/352 367/367 275/275
f 158/158 159/159 155/155
f 85/85 346/346 351/351
f 249/249 105/105 107/107
f 249/249 112/112 101/101
f 249/249 101/101 105/105
f 289/289 189/189 177/177
f 289/289 212/212 285/285
f 289/289 177/177 212/212
f 133/133 177/177 189/189
f 133/133 129/129 177/177
f 161/161 187/187 167/167
f 161/161 167/167 159/159
f 267/267 188/188 187/187
f 267/267 275/275 188/188
f 367/367 279/279 275/275
f 367/367 91/91 279/279
f 156/156 153/153 152/152
f 156/156 155/155 153/153
f 194/194 168/168 124/124
f 194/194 124/124 195/195
f 22/22 294/294 19/19
f 22/22 363/363 294/294
f 271/271 247/247 115/115
f 271/271 115/115 114/114
f 334/334 303/303 344/344
f 334/334 285/285 263/263
f 334/334 263/263 286/286
f 334/334 286/286 303/303
f 187/187 188/188 167/167
f 152/152 147/147 168/168
f 152/152 153/153 151/151
f 152/152 151/151 147/147
f 168/168 147/147 124/124
f 247/247 195/195 117/117
f 247/247 117/117 115/115
f 107/107 106/106 108/108
f 107/107 105/105 106/106
f 344/344 306/306 345/345
f 344/344 303/303 306/306
f 110/110 130/130 129/129
f 110/110 108/108 109/109
f 110/110 109/109 130/130
f 129/129 178/178 177/177
f 129/129 130/130 178/178
f 159/159 166/166 155/155
f 159/159 167/167 166/166
f 275/275 279/279 268/268
f 275/275 268/268 188/188
f 155/155 154/154 153/153
f 155/155 166/166 154/154
f 91/91 269/269 279/279
f 91/91 296/296 269/269
f 19/19 294/294 296/296
f 108/108 106/106 109/109
f 285/285 212/212 178/178
f 285/285 178/178 263/263
f 177/177 178/178 212/212
f 279/279 269/269 268/268
f 153/153 154/154 151/151
f 195/195 124/124 117/117
f 363/363 351/351 295/295
f 363/363 295/295 294/294
f 167/167 188/188 185/185
f 167/167 185/185 166/166
f 188/188 268/268 185/185
f 166/166 185/185 154/154
f 351/351 346/346 305/305
f 351/351 305/305 295/295
f 346/346 345/345 306/306
f 346/346 306/306 304/304
f 346/346 304/304 305/305
f 185/185 268/268 214/214
f 185/185 179/179 154/154
f 185/185 214/214 179/179
f 268/268 269/269 214/214
f 269/269 296/296 260/260
f 269/269 260/260 214/214
f 296/296 294/294 260/260
f 124/124 147/147 146/146
f 124/124 146/146 145/145
f 124/124 123/123 117/117
f 124/124 145/145 123/123
f 286/286 263/263 186/186
f 286/286 215/215 303/303
f 286/286 186/186 215/215
f 130/130 186/186 178/178
f 130/130 109/109 186/186
f 263/263 178/178 186/186
f 154/154 179/179 151/151
f 151/151 146/146 147/147
f 151/151 179/179 146/146
f 112/112 114/114 113/113
f 112/112 104/104 101/101
f 112/112 113/113 104/104
f 105/105 103/103 106/106
f 105/105 101/101 103/103
f 303/303 257/257 306/306
f 303/303 215/215 257/257
f 109/109 106/106 132/132
f 109/109 132/132 186/186
f 179/179 214/214 213/213
f 179/179 213/213 146/146
f 214/214 260/260 213/213
f 260/260 294/294 261/261
f 260/260 261/261 213/213
f 294/294 295/295 262/262
f 294/294 262/262 261/261
f 114/114 115/115 113/113
f 106/106 103/103 132/132
f 186/186 132/132 215/215
f 146/146 213/213 183/183
f 146/146 183/183 145/145
f 213/213 261/261 183/183
f 117/117 116/116 115/115
f 117/117 123/123 116/116
f 295/295 305/305 259/259
f 295/295 259/259 262/262
f 115/115 116/116 113/113
f 306/306 256/256 304/304
f 306/306 257/257 256/256
f 145/145 183/183 182/182
f 145/145 182/182 123/123
f 261/261 262/262 183/183
f 305/305 304/304 258/258
f 305/305 258/258 259/259
f 304/304 256/256 258/258
f 101/101 102/102 103/103
f 101/101 104/104 102/102
f 132/132 141/141 215/215
f 132/132 103/103 141/141
f 215/215 141/141 257/257
f 183/183 262/262 182/182
f 262/262 259/259 182/182
f 103/103 102/102 141/141
f 123/123 182/182 181/181
f 123/123 181/181 116/116
f 113/113 116/116 144/144
f 113/113 142/142 104/104
f 113/113 144/144 142/142
f 182/182 259/259 181/181
f 116/116 181/181 144/144
f 259/259 258/258 181/181
f 258/258 256/256 144/144
f 258/258 144/144 181/181
f 104/104 142/142 102/102
f 256/256 257/257 141/141
f 256/256 142/142 144/144
f 256/256 141/141 142/142
f 102/102 142/142 141/141
